Region,Crop,Year,Season,Soil_Type,Nitrogen_mg_per_kg,Phosphorus_mg_per_kg,Potassium_mg_per_kg,pH,Rainfall_mm,Yield_t_per_ha,Production_t
Ashanti,Maize,2015,Major Rainy,Loamy,120,10,80,6,1500,2,400000
Ashanti,Maize,2015,Minor Rainy,Loamy,100,8,70,5.8,600,1.8,350000
Ashanti,Maize,2016,Major Rainy,Sandy Loam,110,9,70,5.9,1600,2.1,420000
Ashanti,Maize,2016,Minor Rainy,Sandy Loam,90,7,60,5.7,500,1.9,370000
Ashanti,Maize,2017,Major Rainy,Clay Loam,120,10,80,6,1400,2,400000
Ashanti,Maize,2017,Minor Rainy,Clay Loam,100,8,70,5.8,550,1.8,350000
Ashanti,Maize,2018,Major Rainy,Loamy,130,11,90,6.1,1500,2.2,440000
Ashanti,Maize,2018,Minor Rainy,Loamy,110,9,80,5.9,600,2,390000
Ashanti,Maize,2019,Major Rainy,Sandy Loam,140,12,90,6.2,1600,2.2,440000
Ashanti,Maize,2019,Minor Rainy,Sandy Loam,120,10,80,6,500,2,390000
Ashanti,Maize,2020,Major Rainy,Clay Loam,130,11,90,6.1,1400,2.2,440000
Ashanti,Maize,2020,Harmattan,Clay Loam,80,6,60,5.5,50,1.6,300000
Ashanti,Maize,2021,Major Rainy,Loamy,140,13,100,6.2,1500,2.3,460000
Ashanti,Maize,2021,Minor Rainy,Loamy,120,11,90,6,600,2.1,410000
Ashanti,Maize,2022,Major Rainy,Sandy Loam,150,14,110,6.3,1700,2.4,480000
Ashanti,Maize,2022,Minor Rainy,Sandy Loam,130,12,100,6.1,700,2.2,430000
Ashanti,Maize,2023,Major Rainy,Loamy,160,15,120,6.5,1800,2.5,500000
Ashanti,Maize,2023,Minor Rainy,Loamy,140,13,110,6.3,800,2.3,450000
Ashanti,Rice,2015,Major Rainy,Clay Loam,130,10,80,5.9,1500,1.8,90000
Ashanti,Rice,2015,Minor Rainy,Clay Loam,110,8,70,5.7,600,1.6,80000
Ashanti,Rice,2016,Major Rainy,Loamy,120,9,80,5.8,1600,2,100000
Ashanti,Rice,2016,Minor Rainy,Loamy,100,7,70,5.6,500,1.8,90000
Ashanti,Rice,2017,Major Rainy,Sandy Loam,110,8,70,5.7,1400,1.8,90000
Ashanti,Rice,2017,Minor Rainy,Sandy Loam,90,6,60,5.5,550,1.6,80000
Ashanti,Rice,2018,Major Rainy,Clay Loam,130,10,80,5.9,1500,2.2,110000
Ashanti,Rice,2018,Minor Rainy,Clay Loam,110,8,70,5.7,600,2,100000
Ashanti,Rice,2019,Major Rainy,Loamy,140,11,90,6,1600,2.3,115000
Ashanti,Rice,2019,Minor Rainy,Loamy,120,9,80,5.8,500,2.1,105000
Ashanti,Rice,2020,Major Rainy,Sandy Loam,130,10,80,5.9,1400,2.2,110000
Ashanti,Rice,2020,Harmattan,Sandy Loam,80,6,60,5.5,50,1.5,70000
Ashanti,Rice,2021,Major Rainy,Clay Loam,140,12,90,6.1,1500,2.4,120000
Ashanti,Rice,2021,Minor Rainy,Clay Loam,120,10,80,5.9,600,2.2,110000
Ashanti,Rice,2022,Major Rainy,Loamy,150,13,100,6.2,1700,2.6,130000
Ashanti,Rice,2022,Minor Rainy,Loamy,130,11,90,6,700,2.4,120000
Ashanti,Rice,2023,Major Rainy,Loamy,160,14,110,6.3,1800,2.8,140000
Ashanti,Rice,2023,Minor Rainy,Loamy,140,12,100,6.1,800,2.6,130000
Ashanti,Cassava,2015,Major Rainy,Loamy,130,11,90,6,1500,12,1200000
Ashanti,Cassava,2015,Minor Rainy,Loamy,110,9,80,5.8,600,10,1000000
Ashanti,Cassava,2016,Major Rainy,Sandy Loam,120,10,80,5.9,1600,12.5,1250000
Ashanti,Cassava,2016,Minor Rainy,Sandy Loam,100,8,70,5.7,500,10.5,1050000
Ashanti,Cassava,2017,Major Rainy,Clay Loam,130,11,90,6,1400,12,1200000
Ashanti,Cassava,2017,Minor Rainy,Clay Loam,110,9,80,5.8,550,10,1000000
Ashanti,Cassava,2018,Major Rainy,Loamy,140,12,90,6.1,1500,13,1300000
Ashanti,Cassava,2018,Minor Rainy,Loamy,120,10,80,5.9,600,11,1100000
Ashanti,Cassava,2019,Major Rainy,Sandy Loam,140,12,90,6.2,1600,13,1300000
Ashanti,Cassava,2019,Minor Rainy,Sandy Loam,120,10,80,6,500,11,1100000
Ashanti,Cassava,2020,Major Rainy,Clay Loam,140,12,90,6.1,1400,13,1300000
Ashanti,Cassava,2020,Harmattan,Clay Loam,80,6,60,5.5,50,8,800000
Ashanti,Cassava,2021,Major Rainy,Loamy,150,13,100,6.2,1500,14,1400000
Ashanti,Cassava,2021,Minor Rainy,Loamy,130,11,90,6,600,12,1200000
Ashanti,Cassava,2022,Major Rainy,Sandy Loam,160,14,110,6.3,1700,14.5,1450000
Ashanti,Cassava,2022,Minor Rainy,Sandy Loam,140,12,100,6.1,700,12.5,1250000
Ashanti,Cassava,2023,Major Rainy,Loamy,160,15,120,6.5,1800,15,1500000
Ashanti,Cassava,2023,Minor Rainy,Loamy,140,13,110,6.3,800,13,1300000
Ashanti,Yam,2015,Major Rainy,Loamy,130,11,90,6,1500,9,800000
Ashanti,Yam,2015,Minor Rainy,Loamy,110,9,80,5.8,600,8,700000
Ashanti,Yam,2016,Major Rainy,Clay Loam,120,10,80,5.9,1600,9.5,850000
Ashanti,Yam,2016,Minor Rainy,Clay Loam,100,8,70,5.7,500,8.5,750000
Ashanti,Yam,2017,Major Rainy,Sandy Loam,120,10,80,5.9,1400,9,800000
Ashanti,Yam,2017,Minor Rainy,Sandy Loam,100,8,70,5.7,550,8,700000
Ashanti,Yam,2018,Major Rainy,Loamy,130,11,90,6,1500,10,900000
Ashanti,Yam,2018,Minor Rainy,Loamy,110,9,80,5.8,600,9,800000
Ashanti,Yam,2019,Major Rainy,Clay Loam,140,12,90,6.1,1600,10,900000
Ashanti,Yam,2019,Minor Rainy,Clay Loam,120,10,80,5.9,500,9,800000
Ashanti,Yam,2020,Major Rainy,Sandy Loam,130,11,80,6,1400,10,900000
Ashanti,Yam,2020,Harmattan,Sandy Loam,80,6,60,5.5,50,6,500000
Ashanti,Yam,2021,Major Rainy,Loamy,140,13,100,6.2,1500,11,1000000
Ashanti,Yam,2021,Minor Rainy,Loamy,120,11,90,6,600,10,900000
Ashanti,Yam,2022,Major Rainy,Clay Loam,150,14,110,6.3,1700,11.5,1050000
Ashanti,Yam,2022,Minor Rainy,Clay Loam,130,12,100,6.1,700,10.5,950000
Ashanti,Yam,2023,Major Rainy,Loamy,160,15,120,6.5,1800,12,1100000
Ashanti,Yam,2023,Minor Rainy,Loamy,140,13,110,6.3,800,11,1000000
Ashanti,Cocoyam,2015,Major Rainy,Clay Loam,120,10,80,6,1500,6,140000
Ashanti,Cocoyam,2015,Minor Rainy,Clay Loam,100,8,70,5.8,600,5,120000
Ashanti,Cocoyam,2016,Major Rainy,Loamy,110,9,80,5.9,1600,6.5,150000
Ashanti,Cocoyam,2016,Minor Rainy,Loamy,90,7,70,5.7,500,5.5,130000
Ashanti,Cocoyam,2017,Major Rainy,Sandy Loam,100,8,70,5.8,1400,6,140000
Ashanti,Cocoyam,2017,Minor Rainy,Sandy Loam,80,6,60,5.6,550,5,120000
Ashanti,Cocoyam,2018,Major Rainy,Clay Loam,130,11,90,6.1,1500,7,160000
Ashanti,Cocoyam,2018,Minor Rainy,Clay Loam,110,9,80,5.9,600,6,140000
Ashanti,Cocoyam,2019,Major Rainy,Loamy,140,12,90,6.2,1600,7,160000
Ashanti,Cocoyam,2019,Minor Rainy,Loamy,120,10,80,6,500,6,140000
Ashanti,Cocoyam,2020,Major Rainy,Sandy Loam,130,11,80,6.1,1400,6.5,150000
Ashanti,Cocoyam,2020,Harmattan,Sandy Loam,80,6,60,5.5,50,4,100000
Ashanti,Cocoyam,2021,Major Rainy,Clay Loam,140,13,100,6.2,1500,7.5,170000
Ashanti,Cocoyam,2021,Minor Rainy,Clay Loam,120,11,90,6,600,6.5,150000
Ashanti,Cocoyam,2022,Major Rainy,Loamy,150,14,110,6.3,1700,8,180000
Ashanti,Cocoyam,2022,Minor Rainy,Loamy,130,12,100,6.1,700,7,160000
Ashanti,Cocoyam,2023,Major Rainy,Loamy,160,15,120,6.5,1800,8,190000
Ashanti,Cocoyam,2023,Minor Rainy,Loamy,140,13,110,6.3,800,7,170000
Ashanti,Plantain,2015,Major Rainy,Loamy,130,11,90,6,1500,8,600000
Ashanti,Plantain,2015,Minor Rainy,Loamy,110,9,80,5.8,600,7,500000
Ashanti,Plantain,2016,Major Rainy,Clay Loam,120,10,80,5.9,1600,8.5,650000
Ashanti,Plantain,2016,Minor Rainy,Clay Loam,100,8,70,5.7,500,7.5,550000
Ashanti,Plantain,2017,Major Rainy,Sandy Loam,110,9,80,5.8,1400,8,600000
Ashanti,Plantain,2017,Minor Rainy,Sandy Loam,90,7,70,5.6,550,7,500000
Ashanti,Plantain,2018,Major Rainy,Loamy,140,12,90,6.1,1500,9,700000
Ashanti,Plantain,2018,Minor Rainy,Loamy,120,10,80,5.9,600,8,600000
Ashanti,Plantain,2019,Major Rainy,Clay Loam,140,12,90,6.2,1600,9,700000
Ashanti,Plantain,2019,Minor Rainy,Clay Loam,120,10,80,6,500,8,600000
Ashanti,Plantain,2020,Major Rainy,Sandy Loam,130,11,80,6.1,1400,8.5,650000
Ashanti,Plantain,2020,Harmattan,Sandy Loam,80,6,60,5.5,50,6,400000
Ashanti,Plantain,2021,Major Rainy,Loamy,150,13,100,6.2,1500,9.5,750000
Ashanti,Plantain,2021,Minor Rainy,Loamy,130,11,90,6,600,8.5,650000
Ashanti,Plantain,2022,Major Rainy,Clay Loam,160,14,110,6.3,1700,10,800000
Ashanti,Plantain,2022,Minor Rainy,Clay Loam,140,12,100,6.1,700,9,700000
Ashanti,Plantain,2023,Major Rainy,Loamy,160,15,120,6.5,1800,10,850000
Ashanti,Plantain,2023,Minor Rainy,Loamy,140,13,110,6.3,800,9,750000
Ashanti,Cowpea,2015,Major Rainy,Sandy Loam,80,6,60,5.7,1500,1,40000
Ashanti,Cowpea,2015,Minor Rainy,Sandy Loam,60,4,50,5.5,600,0.8,30000
Ashanti,Cowpea,2015,Harmattan,Sandy Loam,50,3,40,5.3,50,0.6,20000
Ashanti,Cowpea,2016,Major Rainy,Loamy,90,7,70,5.8,1600,1.1,45000
Ashanti,Cowpea,2016,Minor Rainy,Loamy,70,5,60,5.6,500,0.9,35000
Ashanti,Cowpea,2017,Major Rainy,Clay Loam,80,6,60,5.7,1400,1,40000
Ashanti,Cowpea,2017,Minor Rainy,Clay Loam,60,4,50,5.5,550,0.8,30000
Ashanti,Cowpea,2018,Major Rainy,Sandy Loam,90,7,70,5.8,1500,1.2,50000
Ashanti,Cowpea,2018,Minor Rainy,Sandy Loam,70,5,60,5.6,600,1,40000
Ashanti,Cowpea,2018,Harmattan,Sandy Loam,50,3,40,5.3,50,0.7,25000
Ashanti,Cowpea,2019,Major Rainy,Loamy,100,8,80,5.9,1600,1.2,50000
Ashanti,Cowpea,2019,Minor Rainy,Loamy,80,6,70,5.7,500,1,40000
Ashanti,Cowpea,2020,Major Rainy,Clay Loam,90,7,70,5.8,1400,1.1,45000
Ashanti,Cowpea,2020,Harmattan,Clay Loam,50,3,40,5.3,50,0.7,25000
Ashanti,Cowpea,2021,Major Rainy,Sandy Loam,110,9,80,6,1500,1.3,55000
Ashanti,Cowpea,2021,Minor Rainy,Sandy Loam,90,7,70,5.8,600,1.1,45000
Ashanti,Cowpea,2022,Major Rainy,Loamy,120,10,90,6.1,1700,1.4,60000
Ashanti,Cowpea,2022,Minor Rainy,Loamy,100,8,80,5.9,700,1.2,50000
Ashanti,Cowpea,2023,Major Rainy,Loamy,130,11,100,6.3,1800,1.4,65000
Ashanti,Cowpea,2023,Minor Rainy,Loamy,110,9,90,6.1,800,1.2,55000
Ashanti,Groundnut,2015,Major Rainy,Sandy Loam,80,6,60,5.7,1500,1.2,50000
Ashanti,Groundnut,2015,Minor Rainy,Sandy Loam,60,4,50,5.5,600,1,40000
Ashanti,Groundnut,2015,Harmattan,Sandy Loam,50,3,40,5.3,50,0.8,30000
Ashanti,Groundnut,2016,Major Rainy,Loamy,90,7,70,5.8,1600,1.3,55000
Ashanti,Groundnut,2016,Minor Rainy,Loamy,70,5,60,5.6,500,1.1,45000
Ashanti,Groundnut,2017,Major Rainy,Clay Loam,80,6,60,5.7,1400,1.2,50000
Ashanti,Groundnut,2017,Minor Rainy,Clay Loam,60,4,50,5.5,550,1,40000
Ashanti,Groundnut,2018,Major Rainy,Sandy Loam,90,7,70,5.8,1500,1.4,60000
Ashanti,Groundnut,2018,Minor Rainy,Sandy Loam,70,5,60,5.6,600,1.2,50000
Ashanti,Groundnut,2018,Harmattan,Sandy Loam,50,3,40,5.3,50,0.9,35000
Ashanti,Groundnut,2019,Major Rainy,Loamy,100,8,80,5.9,1600,1.4,60000
Ashanti,Groundnut,2019,Minor Rainy,Loamy,80,6,70,5.7,500,1.2,50000
Ashanti,Groundnut,2020,Major Rainy,Clay Loam,90,7,70,5.8,1400,1.3,55000
Ashanti,Groundnut,2020,Harmattan,Clay Loam,50,3,40,5.3,50,0.9,35000
Ashanti,Groundnut,2021,Major Rainy,Sandy Loam,110,9,80,6,1500,1.5,65000
Ashanti,Groundnut,2021,Minor Rainy,Sandy Loam,90,7,70,5.8,600,1.3,55000
Ashanti,Groundnut,2022,Major Rainy,Loamy,120,10,90,6.1,1700,1.6,70000
Ashanti,Groundnut,2022,Minor Rainy,Loamy,100,8,80,5.9,700,1.4,60000
Ashanti,Groundnut,2023,Major Rainy,Loamy,130,11,100,6.3,1800,1.6,75000
Ashanti,Groundnut,2023,Minor Rainy,Loamy,110,9,90,6.1,800,1.4,65000
Brong-Ahafo,Maize,2015,Major Rainy,Loamy,160,12,90,6,1400,2.2,700000
Brong-Ahafo,Maize,2015,Minor Rainy,Loamy,140,10,78.2,5.9,1000,2,650000
Brong-Ahafo,Maize,2016,Major Rainy,Sandy Loam,120,10,78.2,5.8,1350,2.1,680000
Brong-Ahafo,Maize,2016,Minor Rainy,Sandy Loam,100,9,70.3,5.7,950,1.9,620000
Brong-Ahafo,Maize,2017,Major Rainy,Clay Loam,140,11,86.1,6,1300,2.2,700000
Brong-Ahafo,Maize,2017,Minor Rainy,Clay Loam,120,9,78.2,5.9,900,2,650000
Brong-Ahafo,Maize,2018,Major Rainy,Loamy,160,13,97.8,6.2,1400,2.3,720000
Brong-Ahafo,Maize,2018,Minor Rainy,Loamy,140,11,90,6.1,1000,2.1,670000
Brong-Ahafo,Maize,2019,Major Rainy,Sandy Loam,120,10,78.2,5.8,1350,2.1,680000
Brong-Ahafo,Maize,2019,Minor Rainy,Sandy Loam,100,9,70.3,5.7,950,1.9,620000
Brong-Ahafo,Maize,2020,Major Rainy,Clay Loam,140,12,86.1,6,1300,2.2,700000
Brong-Ahafo,Maize,2020,Harmattan,Clay Loam,80,7,62.6,5.5,150,1.8,600000
Brong-Ahafo,Maize,2021,Major Rainy,Loamy,160,13,97.8,6.2,1400,2.3,720000
Brong-Ahafo,Maize,2021,Minor Rainy,Loamy,140,11,90,6.1,1000,2.1,670000
Brong-Ahafo,Maize,2022,Major Rainy,Sandy Loam,160,14,101.7,6.3,1400,2.5,800000
Brong-Ahafo,Maize,2022,Minor Rainy,Sandy Loam,140,12,90,6.2,1000,2.3,750000
Brong-Ahafo,Rice,2015,Major Rainy,Clay Loam,140,12,86.1,6,1400,1.6,130000
Brong-Ahafo,Rice,2015,Minor Rainy,Clay Loam,120,10,78.2,5.9,1000,1.4,110000
Brong-Ahafo,Rice,2016,Major Rainy,Loamy,160,13,97.8,6.1,1450,1.7,135000
Brong-Ahafo,Rice,2016,Minor Rainy,Loamy,140,11,90,6,1050,1.5,120000
Brong-Ahafo,Rice,2017,Major Rainy,Sandy Loam,120,10,78.2,5.8,1350,1.5,125000
Brong-Ahafo,Rice,2017,Minor Rainy,Sandy Loam,100,9,70.3,5.7,950,1.3,105000
Brong-Ahafo,Rice,2018,Major Rainy,Clay Loam,140,12,86.1,6,1400,1.6,130000
Brong-Ahafo,Rice,2018,Minor Rainy,Clay Loam,120,11,78.2,5.9,1000,1.4,115000
Brong-Ahafo,Rice,2019,Major Rainy,Loamy,160,13,97.8,6.1,1450,1.7,135000
Brong-Ahafo,Rice,2019,Minor Rainy,Loamy,140,11,90,6,1050,1.5,120000
Brong-Ahafo,Rice,2020,Major Rainy,Sandy Loam,120,10,78.2,5.8,1350,1.5,125000
Brong-Ahafo,Rice,2020,Harmattan,Sandy Loam,80,7,62.6,5.6,150,1.2,100000
Brong-Ahafo,Rice,2021,Major Rainy,Clay Loam,140,12,86.1,6,1400,1.6,130000
Brong-Ahafo,Rice,2021,Minor Rainy,Clay Loam,120,11,78.2,5.9,1000,1.4,115000
Brong-Ahafo,Rice,2022,Major Rainy,Loamy,160,14,101.7,6.2,1450,1.8,150000
Brong-Ahafo,Rice,2022,Minor Rainy,Loamy,140,12,90,6.1,1050,1.6,130000
Brong-Ahafo,Sorghum,2015,Major Rainy,Sandy Loam,100,10,70.3,5.8,1300,1.2,65000
Brong-Ahafo,Sorghum,2015,Minor Rainy,Sandy Loam,80,8,62.6,5.7,900,1,55000
Brong-Ahafo,Sorghum,2016,Major Rainy,Loamy,120,11,78.2,6,1350,1.3,70000
Brong-Ahafo,Sorghum,2016,Minor Rainy,Loamy,100,9,70.3,5.9,950,1.1,60000
Brong-Ahafo,Sorghum,2017,Major Rainy,Clay Loam,100,10,78.2,5.8,1300,1.2,65000
Brong-Ahafo,Sorghum,2017,Harmattan,Clay Loam,60,7,62.6,5.6,100,0.8,50000
Brong-Ahafo,Sorghum,2018,Major Rainy,Sandy Loam,120,11,78.2,6,1300,1.3,70000
Brong-Ahafo,Sorghum,2018,Minor Rainy,Sandy Loam,80,9,70.3,5.9,900,1.1,60000
Brong-Ahafo,Sorghum,2019,Major Rainy,Loamy,120,12,86.1,6.1,1350,1.3,70000
Brong-Ahafo,Sorghum,2019,Minor Rainy,Loamy,100,10,78.2,6,950,1.1,60000
Brong-Ahafo,Sorghum,2020,Major Rainy,Clay Loam,100,11,78.2,5.8,1300,1.2,65000
Brong-Ahafo,Sorghum,2020,Harmattan,Clay Loam,60,7,62.6,5.6,150,0.8,50000
Brong-Ahafo,Sorghum,2021,Major Rainy,Sandy Loam,120,11,78.2,6,1300,1.3,70000
Brong-Ahafo,Sorghum,2021,Minor Rainy,Sandy Loam,80,9,70.3,5.9,900,1.1,60000
Brong-Ahafo,Sorghum,2022,Major Rainy,Loamy,140,12,86.1,6.2,1350,1.4,80000
Brong-Ahafo,Sorghum,2022,Minor Rainy,Loamy,100,10,78.2,6.1,950,1.2,70000
Brong-Ahafo,Millet,2015,Major Rainy,Sandy Loam,80,9,70.3,5.8,1300,1,50000
Brong-Ahafo,Millet,2015,Minor Rainy,Sandy Loam,60,7,62.6,5.7,900,0.8,45000
Brong-Ahafo,Millet,2015,Harmattan,Sandy Loam,60,7,62.6,5.6,100,0.7,40000
Brong-Ahafo,Millet,2016,Major Rainy,Loamy,100,10,78.2,6,1350,1.1,55000
Brong-Ahafo,Millet,2016,Minor Rainy,Loamy,80,8,70.3,5.9,950,0.9,48000
Brong-Ahafo,Millet,2017,Major Rainy,Clay Loam,100,9,78.2,5.8,1300,1,50000
Brong-Ahafo,Millet,2017,Harmattan,Clay Loam,60,7,62.6,5.6,150,0.7,40000
Brong-Ahafo,Millet,2018,Major Rainy,Sandy Loam,80,10,78.2,6,1300,1.1,55000
Brong-Ahafo,Millet,2018,Minor Rainy,Sandy Loam,60,8,70.3,5.9,900,0.9,48000
Brong-Ahafo,Millet,2019,Major Rainy,Loamy,100,11,86.1,6.1,1350,1.1,55000
Brong-Ahafo,Millet,2019,Minor Rainy,Loamy,80,9,78.2,6,950,0.9,48000
Brong-Ahafo,Millet,2020,Major Rainy,Clay Loam,100,10,78.2,5.8,1300,1,50000
Brong-Ahafo,Millet,2020,Harmattan,Clay Loam,60,7,62.6,5.6,150,0.7,40000
Brong-Ahafo,Millet,2021,Major Rainy,Sandy Loam,80,10,78.2,6,1300,1.1,55000
Brong-Ahafo,Millet,2021,Minor Rainy,Sandy Loam,60,8,70.3,5.9,900,0.9,48000
Brong-Ahafo,Millet,2022,Major Rainy,Loamy,120,12,86.1,6.2,1350,1.2,60000
Brong-Ahafo,Millet,2022,Minor Rainy,Loamy,100,10,78.2,6.1,950,1,55000
Brong-Ahafo,Yam,2015,Major Rainy,Loamy,160,12,97.8,6.2,1500,13,1300000
Brong-Ahafo,Yam,2015,Minor Rainy,Loamy,140,10,90,6.1,1000,11,1100000
Brong-Ahafo,Yam,2016,Major Rainy,Clay Loam,140,11,86.1,6,1450,12.5,1250000
Brong-Ahafo,Yam,2016,Minor Rainy,Clay Loam,120,9,78.2,5.9,950,10.5,1050000
Brong-Ahafo,Yam,2017,Major Rainy,Sandy Loam,120,10,78.2,5.8,1400,11.5,1150000
Brong-Ahafo,Yam,2017,Minor Rainy,Sandy Loam,100,8,70.3,5.7,900,10,1000000
Brong-Ahafo,Yam,2018,Major Rainy,Loamy,160,13,101.7,6.3,1500,13.5,1350000
Brong-Ahafo,Yam,2018,Minor Rainy,Loamy,140,11,90,6.2,1000,11.5,1150000
Brong-Ahafo,Yam,2019,Major Rainy,Clay Loam,140,12,86.1,6,1450,12.5,1250000
Brong-Ahafo,Yam,2019,Minor Rainy,Clay Loam,120,10,78.2,5.9,950,10.5,1050000
Brong-Ahafo,Yam,2020,Major Rainy,Sandy Loam,120,10,78.2,5.8,1400,11.5,1150000
Brong-Ahafo,Yam,2020,Harmattan,Sandy Loam,80,7,62.6,5.6,150,8,800000
Brong-Ahafo,Yam,2021,Major Rainy,Loamy,160,13,97.8,6.2,1500,13,1300000
Brong-Ahafo,Yam,2021,Minor Rainy,Loamy,140,11,90,6.1,1000,11,1100000
Brong-Ahafo,Yam,2022,Major Rainy,Clay Loam,160,14,101.7,6.3,1500,14,1400000
Brong-Ahafo,Yam,2022,Minor Rainy,Clay Loam,140,12,90,6.2,1000,12,1200000
Brong-Ahafo,Cowpea,2015,Major Rainy,Sandy Loam,80,10,70.3,5.8,1300,1,40000
Brong-Ahafo,Cowpea,2015,Minor Rainy,Sandy Loam,60,8,62.6,5.7,900,0.8,35000
Brong-Ahafo,Cowpea,2015,Harmattan,Sandy Loam,60,7,62.6,5.6,100,0.6,30000
Brong-Ahafo,Cowpea,2016,Major Rainy,Loamy,100,11,78.2,6,1350,1.1,45000
Brong-Ahafo,Cowpea,2016,Minor Rainy,Loamy,80,9,70.3,5.9,950,0.9,38000
Brong-Ahafo,Cowpea,2017,Major Rainy,Clay Loam,100,10,78.2,5.8,1300,1,40000
Brong-Ahafo,Cowpea,2017,Harmattan,Clay Loam,60,7,62.6,5.6,150,0.6,30000
Brong-Ahafo,Cowpea,2018,Major Rainy,Sandy Loam,80,11,78.2,6,1300,1.1,45000
Brong-Ahafo,Cowpea,2018,Minor Rainy,Sandy Loam,60,9,70.3,5.9,900,0.9,38000
Brong-Ahafo,Cowpea,2019,Major Rainy,Loamy,100,12,86.1,6.1,1350,1.1,45000
Brong-Ahafo,Cowpea,2019,Minor Rainy,Loamy,80,10,78.2,6,950,0.9,38000
Brong-Ahafo,Cowpea,2020,Major Rainy,Clay Loam,100,11,78.2,5.8,1300,1,40000
Brong-Ahafo,Cowpea,2020,Harmattan,Clay Loam,60,7,62.6,5.6,150,0.6,30000
Brong-Ahafo,Cowpea,2021,Major Rainy,Sandy Loam,80,11,78.2,6,1300,1.1,45000
Brong-Ahafo,Cowpea,2021,Minor Rainy,Sandy Loam,60,9,70.3,5.9,900,0.9,38000
Brong-Ahafo,Cowpea,2022,Major Rainy,Loamy,120,12,86.1,6.2,1350,1.2,50000
Brong-Ahafo,Cowpea,2022,Minor Rainy,Loamy,100,10,78.2,6.1,950,1,45000
Brong-Ahafo,Groundnut,2015,Major Rainy,Sandy Loam,80,11,70.3,5.8,1300,1.2,60000
Brong-Ahafo,Groundnut,2015,Minor Rainy,Sandy Loam,60,9,62.6,5.7,900,1,50000
Brong-Ahafo,Groundnut,2015,Harmattan,Sandy Loam,60,7,62.6,5.6,100,0.8,45000
Brong-Ahafo,Groundnut,2016,Major Rainy,Loamy,100,12,78.2,6,1350,1.3,65000
Brong-Ahafo,Groundnut,2016,Minor Rainy,Loamy,80,10,70.3,5.9,950,1.1,55000
Brong-Ahafo,Groundnut,2017,Major Rainy,Clay Loam,100,11,78.2,5.8,1300,1.2,60000
Brong-Ahafo,Groundnut,2017,Harmattan,Clay Loam,60,7,62.6,5.6,150,0.8,45000
Brong-Ahafo,Groundnut,2018,Major Rainy,Sandy Loam,80,12,78.2,6,1300,1.3,65000
Brong-Ahafo,Groundnut,2018,Minor Rainy,Sandy Loam,60,10,70.3,5.9,900,1.1,55000
Brong-Ahafo,Groundnut,2019,Major Rainy,Loamy,100,13,86.1,6.1,1350,1.3,65000
Brong-Ahafo,Groundnut,2019,Minor Rainy,Loamy,80,11,78.2,6,950,1.1,55000
Brong-Ahafo,Groundnut,2020,Major Rainy,Clay Loam,100,12,78.2,5.8,1300,1.2,60000
Brong-Ahafo,Groundnut,2020,Harmattan,Clay Loam,60,7,62.6,5.6,150,0.8,45000
Brong-Ahafo,Groundnut,2021,Major Rainy,Sandy Loam,80,12,78.2,6,1300,1.3,65000
Brong-Ahafo,Groundnut,2021,Minor Rainy,Sandy Loam,60,10,70.3,5.9,900,1.1,55000
Brong-Ahafo,Groundnut,2022,Major Rainy,Loamy,120,14,86.1,6.2,1350,1.5,80000
Brong-Ahafo,Groundnut,2022,Minor Rainy,Loamy,100,12,78.2,6.1,950,1.3,70000
Brong-Ahafo, Cassava,2015,Major Rainy,Loamy,100,8,80,5.8,1300,9,900000
Brong-Ahafo, Cassava,2015,Minor Rainy,Loamy,80,6,70,5.6,500,7,750000
Brong-Ahafo, Cassava,2016,Major Rainy,Sandy Loam,90,7,70,5.6,1400,9.5,950000
Brong-Ahafo, Cassava,2016,Minor Rainy,Sandy Loam,70,5,60,5.4,,,
Brong-Ahafo, Cassava,2017,Major Rainy,Clay Loam,90,8,80,5.7,1200,9,900000
Brong-Ahafo, Cassava,2017,Minor Rainy,Clay Loam,70,5,70,5.5,450,7,750000
Brong-Ahafo, Cassava,2018,Major Rainy,Loamy,100,9,80,5.8,1300,10,1000000
Brong-Ahafo, Cassava,2018,Minor Rainy,Loamy,80,7,70,5.6,1500,8,800000
Brong-Ahafo, Cassava,2019,Major Rainy,Sandy Loam,110,10,90,5.9,1400,10,1050000
Brong-Ahafo, Cassava,2019,Minor Rainy,Sandy Loam,90,8,80,5.7,7,8,800000
Brong-Ahafo, Cassava,2020,Major Rainy,Clay Loam,100,9,90,5.8,1200,10,1000000
Brong-Ahafo, Cassava,2020,Harmattan,Clay Loam,60,5,60,5.3,50,6,600000
Brong-Ahafo, Cassava,2021,Major Rainy,Loamy,120,11,100,6,1300,11,1100000
Brong-Ahafo, Cassava,2021,Minor Rainy,Loamy,100,9,80,5.8,1500,9,900000
Brong-Ahafo, Cassava,2022,Major Rainy,Sandy Loam,130,12,100,6.1,1500,11.5,1150000
Brong-Ahafo, Cassava,2022,Minor Rainy,Sandy Loam,110,10,90,5.9,600,9.5,950000
Brong-Ahafo, Cassava,2023,Major Rainy,Loamy,140,13,100,6,1300,12,1200000
Brong-Ahafo, Cassava,2023,Minor Rainy,Loamy,120,11,90,6,600,10,1000000
Central,Maize,2015,Major Rainy,Loamy,140,10,78.2,5.8,1100,,200000
Central,Maize,2015,Minor Rainy,Loamy,120,8,70.3,5.7,800,1.8,180000
Central,Maize,2016,Major Rainy,Sandy Loam,100,8,62.6,5.5,1050,1.9,190000
Central,Maize,2016,Minor Rainy,Sandy Loam,80,7,54.7,5.4,700,1.7,170000
Central,Maize,2017,Major Rainy,Clay Loam,120,9,70.3,5.6,1000,1.9,190000
Central,Maize,2017,Minor Rainy,Clay Loam,100,7,62.6,5.5,650,1.7,170000
Central,Maize,2018,Major Rainy,Loamy,140,11,86.1,5.9,1100,2.1,210000
Central,Maize,2018,Minor Rainy,Loamy,120,9,78.2,5.8,800,1.9,190000
Central,Maize,2019,Major Rainy,Sandy Loam,100,8,62.6,5.5,1050,1.9,190000
Central,Maize,2019,Minor Rainy,Sandy Loam,80,7,54.7,5.4,700,1.7,170000
Central,Maize,2020,Major Rainy,Clay Loam,120,10,70.3,5.6,1000,2,200000
Central,Maize,2020,Harmattan,Clay Loam,60,6,54.7,5.2,100,1.5,150000
Central,Maize,2021,Major Rainy,Loamy,140,11,86.1,5.9,1100,2.1,210000
Central,Maize,2021,Minor Rainy,Loamy,120,9,78.2,5.8,800,1.9,190000
Central,Maize,2022,Major Rainy,Sandy Loam,160,12,93.8,6,1200,2.2,300000
Central,Maize,2022,Minor Rainy,Sandy Loam,140,10,86.1,5.9,900,2,250000
Central,Rice,2015,Major Rainy,Clay Loam,120,10,70.3,5.6,1100,1.4,45000
Central,Rice,2015,Minor Rainy,Clay Loam,100,8,62.6,5.5,800,1.2,40000
Central,Rice,2016,Major Rainy,Loamy,140,11,78.2,5.8,1150,1.5,50000
Central,Rice,2016,Minor Rainy,Loamy,120,9,70.3,5.7,750,1.3,43000
Central,Rice,2017,Major Rainy,Sandy Loam,100,8,62.6,5.4,1050,1.3,42000
Central,Rice,2017,Minor Rainy,Sandy Loam,80,7,54.7,5.3,700,1.1,38000
Central,Rice,2018,Major Rainy,Clay Loam,120,10,70.3,5.6,1100,1.4,45000
Central,Rice,2018,Minor Rainy,Clay Loam,100,9,62.6,5.5,800,1.2,40000
Central,Rice,2019,Major Rainy,Loamy,140,11,78.2,5.8,1150,1.5,50000
Central,Rice,2019,Minor Rainy,Loamy,120,9,70.3,5.7,750,1.3,43000
Central,Rice,2020,Major Rainy,Sandy Loam,100,8,62.6,5.4,1050,1.3,42000
Central,Rice,2020,Harmattan,Sandy Loam,60,6,54.7,5.2,100,1,30000
Central,Rice,2021,Major Rainy,Clay Loam,120,10,70.3,5.6,1100,1.4,45000
Central,Rice,2021,Minor Rainy,Clay Loam,100,9,62.6,5.5,800,1.2,40000
Central,Rice,2022,Major Rainy,Loamy,160,12,86.1,5.9,1200,1.6,60000
Central,Rice,2022,Minor Rainy,Loamy,140,10,78.2,5.8,900,1.4,50000
Central,Cassava,2015,Major Rainy,Loamy,140,10,78.2,5.8,1100,15,1200000
Central,Cassava,2015,Minor Rainy,Loamy,120,8,70.3,5.7,800,13,1000000
Central,Cassava,2016,Major Rainy,Sandy Loam,100,8,62.6,5.5,1050,14,1100000
Central,Cassava,2016,Minor Rainy,Sandy Loam,80,7,54.7,5.4,700,12,900000
Central,Cassava,2017,Major Rainy,Clay Loam,120,9,70.3,5.6,1000,14,1100000
Central,Cassava,2017,Minor Rainy,Clay Loam,100,7,62.6,5.5,650,12,900000
Central,Cassava,2018,Major Rainy,Loamy,140,11,86.1,5.9,1100,16,1300000
Central,Cassava,2018,Minor Rainy,Loamy,120,9,78.2,5.8,800,14,1100000
Central,Cassava,2019,Major Rainy,Sandy Loam,100,8,62.6,5.5,1050,14,1100000
Central,Cassava,2019,Minor Rainy,Sandy Loam,80,7,54.7,5.4,700,12,900000
Central,Cassava,2020,Major Rainy,Clay Loam,120,10,70.3,5.6,1000,15,1200000
Central,Cassava,2020,Harmattan,Clay Loam,60,6,54.7,5.2,100,10,700000
Central,Cassava,2021,Major Rainy,Loamy,140,11,86.1,5.9,1100,16,1300000
Central,Cassava,2021,Minor Rainy,Loamy,120,9,78.2,5.8,800,14,1100000
Central,Cassava,2022,Major Rainy,Sandy Loam,160,12,93.8,6,1200,18,1500000
Central,Cassava,2022,Minor Rainy,Sandy Loam,140,10,86.1,5.9,900,16,1300000
Central,Yam,2015,Major Rainy,Loamy,140,10,78.2,5.8,1100,13,650000
Central,Yam,2015,Minor Rainy,Loamy,120,8,70.3,5.7,800,11,550000
Central,Yam,2016,Major Rainy,Clay Loam,120,9,70.3,5.6,1050,12,600000
Central,Yam,2016,Minor Rainy,Clay Loam,100,7,62.6,5.5,700,10,500000
Central,Yam,2017,Major Rainy,Sandy Loam,100,8,62.6,5.4,1000,11,550000
Central,Yam,2017,Minor Rainy,Sandy Loam,80,6,54.7,5.3,650,10,500000
Central,Yam,2018,Major Rainy,Loamy,140,11,86.1,5.9,1100,14,700000
Central,Yam,2018,Minor Rainy,Loamy,120,9,78.2,5.8,800,12,600000
Central,Yam,2019,Major Rainy,Clay Loam,120,10,70.3,5.6,1050,13,650000
Central,Yam,2019,Minor Rainy,Clay Loam,100,8,62.6,5.5,700,11,550000
Central,Yam,2020,Major Rainy,Sandy Loam,100,9,62.6,5.4,1000,12,600000
Central,Yam,2020,Harmattan,Sandy Loam,60,6,54.7,5.2,100,8,400000
Central,Yam,2021,Major Rainy,Loamy,140,11,86.1,5.9,1100,14,700000
Central,Yam,2021,Minor Rainy,Loamy,120,9,78.2,5.8,800,12,600000
Central,Yam,2022,Major Rainy,Clay Loam,160,12,93.8,6,1200,15,800000
Central,Yam,2022,Minor Rainy,Clay Loam,140,10,86.1,5.9,900,13,700000
Central,Cocoyam,2015,Major Rainy,Loamy,140,10,78.2,5.8,1100,7,150000
Central,Cocoyam,2015,Minor Rainy,Loamy,120,8,70.3,5.7,800,6,120000
Central,Cocoyam,2016,Major Rainy,Clay Loam,120,9,70.3,5.6,1050,6.5,140000
Central,Cocoyam,2016,Minor Rainy,Clay Loam,100,7,62.6,5.5,700,5.5,110000
Central,Cocoyam,2017,Major Rainy,Sandy Loam,100,8,62.6,5.4,1000,6,130000
Central,Cocoyam,2017,Minor Rainy,Sandy Loam,80,6,54.7,5.3,650,5,100000
Central,Cocoyam,2018,Major Rainy,Loamy,140,11,86.1,5.9,1100,7.5,160000
Central,Cocoyam,2018,Minor Rainy,Loamy,120,9,78.2,5.8,800,6.5,140000
Central,Cocoyam,2019,Major Rainy,Clay Loam,120,10,70.3,5.6,1050,7,150000
Central,Cocoyam,2019,Minor Rainy,Clay Loam,100,8,62.6,5.5,700,6,120000
Central,Cocoyam,2020,Major Rainy,Sandy Loam,100,9,62.6,5.4,1000,6.5,140000
Central,Cocoyam,2020,Harmattan,Sandy Loam,60,6,54.7,5.2,100,5,100000
Central,Cocoyam,2021,Major Rainy,Loamy,140,11,86.1,5.9,1100,7.5,160000
Central,Cocoyam,2021,Minor Rainy,Loamy,120,9,78.2,5.8,800,6.5,140000
Central,Cocoyam,2022,Major Rainy,Clay Loam,160,12,93.8,6,1200,8,200000
Central,Cocoyam,2022,Minor Rainy,Clay Loam,140,10,86.1,5.9,900,7,170000
Central,Plantain,2015,Major Rainy,Loamy,140,10,78.2,5.8,1100,10,500000
Central,Plantain,2015,Minor Rainy,Loamy,120,8,70.3,5.7,800,9,450000
Central,Plantain,2016,Major Rainy,Clay Loam,120,9,70.3,5.6,1050,9.5,480000
Central,Plantain,2016,Minor Rainy,Clay Loam,100,7,62.6,5.5,700,8.5,430000
Central,Plantain,2017,Major Rainy,Sandy Loam,100,8,62.6,5.4,1000,9,450000
Central,Plantain,2017,Minor Rainy,Sandy Loam,80,6,54.7,5.3,650,8,400000
Central,Plantain,2018,Major Rainy,Loamy,140,11,86.1,5.9,1100,11,550000
Central,Plantain,2018,Minor Rainy,Loamy,120,9,78.2,5.8,800,10,500000
Central,Plantain,2019,Major Rainy,Clay Loam,120,10,70.3,5.6,1050,10,500000
Central,Plantain,2019,Minor Rainy,Clay Loam,100,8,62.6,5.5,700,9,450000
Central,Plantain,2020,Major Rainy,Sandy Loam,100,9,62.6,5.4,1000,9.5,480000
Central,Plantain,2020,Harmattan,Sandy Loam,60,6,54.7,5.2,100,8,400000
Central,Plantain,2021,Major Rainy,Loamy,140,11,86.1,5.9,1100,11,550000
Central,Plantain,2021,Minor Rainy,Loamy,120,9,78.2,5.8,800,10,500000
Central,Plantain,2022,Major Rainy,Clay Loam,160,12,93.8,6,1200,12,600000
Central,Plantain,2022,Minor Rainy,Clay Loam,140,10,86.1,5.9,900,11,550000
Central,Cowpea,2015,Major Rainy,Sandy Loam,80,10,70.3,5.8,1100,1,20000
Central,Cowpea,2015,Minor Rainy,Sandy Loam,60,8,62.6,5.7,800,0.8,15000
Central,Cowpea,2015,Harmattan,Sandy Loam,60,6,54.7,5.5,100,0.6,10000
Central,Cowpea,2016,Major Rainy,Loamy,100,11,78.2,5.9,1150,1.1,22000
Central,Cowpea,2016,Minor Rainy,Loamy,80,9,70.3,5.8,750,0.9,18000
Central,Cowpea,2017,Major Rainy,Clay Loam,100,10,70.3,5.7,1050,1,20000
Central,Cowpea,2017,Minor Rainy,Clay Loam,80,8,62.6,5.6,700,0.8,15000
Central,Cowpea,2018,Major Rainy,Sandy Loam,80,11,78.2,5.9,1100,1.1,22000
Central,Cowpea,2018,Minor Rainy,Sandy Loam,60,9,70.3,5.8,800,0.9,18000
Central,Cowpea,2019,Major Rainy,Loamy,100,12,86.1,6,1150,1.1,22000
Central,Cowpea,2019,Minor Rainy,Loamy,80,10,78.2,5.9,750,0.9,18000
Central,Cowpea,2020,Major Rainy,Clay Loam,100,11,70.3,5.7,1050,1,20000
Central,Cowpea,2020,Harmattan,Clay Loam,60,6,54.7,5.5,100,0.6,10000
Central,Cowpea,2021,Major Rainy,Sandy Loam,80,11,78.2,5.9,1100,1.1,22000
Central,Cowpea,2021,Minor Rainy,Sandy Loam,60,9,70.3,5.8,800,0.9,18000
Central,Cowpea,2022,Major Rainy,Loamy,120,12,86.1,6,1200,1.2,30000
Central,Cowpea,2022,Minor Rainy,Loamy,100,10,78.2,5.9,900,1,25000
Central,Groundnut,2015,Major Rainy,Sandy Loam,80,10,70.3,5.8,1100,1.2,20000
Central,Groundnut,2015,Minor Rainy,Sandy Loam,60,8,62.6,5.7,800,1,15000
Central,Groundnut,2015,Harmattan,Sandy Loam,60,6,54.7,5.5,100,0.8,10000
Central,Groundnut,2016,Major Rainy,Loamy,100,11,78.2,5.9,1150,1.3,22000
Central,Groundnut,2016,Minor Rainy,Loamy,80,9,70.3,5.8,750,1.1,18000
Central,Groundnut,2017,Major Rainy,Clay Loam,100,10,70.3,5.7,1050,1.2,20000
Central,Groundnut,2017,Minor Rainy,Clay Loam,80,8,62.6,5.6,700,1,15000
Central,Groundnut,2018,Major Rainy,Sandy Loam,80,11,78.2,5.9,1100,1.3,22000
Central,Groundnut,2018,Minor Rainy,Sandy Loam,60,9,70.3,5.8,800,1.1,18000
Central,Groundnut,2019,Major Rainy,Loamy,100,12,86.1,6,1150,1.3,22000
Central,Groundnut,2019,Minor Rainy,Loamy,80,10,78.2,5.9,750,1.1,18000
Central,Groundnut,2020,Major Rainy,Clay Loam,100,11,70.3,5.7,1050,1.2,20000
Central,Groundnut,2020,Harmattan,Clay Loam,60,6,54.7,5.5,100,0.8,10000
Central,Groundnut,2021,Major Rainy,Sandy Loam,80,11,78.2,5.9,1100,1.3,22000
Central,Groundnut,2021,Minor Rainy,Sandy Loam,60,9,70.3,5.8,800,1.1,18000
Central,Groundnut,2022,Major Rainy,Loamy,120,12,86.1,6,1200,1.5,30000
Central,Groundnut,2022,Minor Rainy,Loamy,100,10,78.2,5.9,900,1.3,25000
Eastern,Maize,2015,Major Rainy,Loamy,160,12,86.1,6,1300,2.2,400000
Eastern,Maize,2015,Minor Rainy,Loamy,140,10,78.2,5.9,900,2,350000
Eastern,Maize,2016,Major Rainy,Sandy Loam,120,10,70.3,5.7,1250,2.1,380000
Eastern,Maize,2016,Minor Rainy,Sandy Loam,100,8,62.6,5.6,800,1.9,330000
Eastern,Maize,2017,Major Rainy,Clay Loam,140,11,78.2,5.8,1200,2.1,380000
Eastern,Maize,2017,Minor Rainy,Clay Loam,120,9,70.3,5.7,750,1.9,330000
Eastern,Maize,2018,Major Rainy,Loamy,160,13,86.1,6.1,1300,2.3,410000
Eastern,Maize,2018,Minor Rainy,Loamy,140,11,78.2,6,900,2.1,360000
Eastern,Maize,2019,Major Rainy,Sandy Loam,120,10,70.3,5.7,1250,2.1,380000
Eastern,Maize,2019,Minor Rainy,Sandy Loam,100,8,62.6,5.6,800,1.9,330000
Eastern,Maize,2020,Major Rainy,Clay Loam,140,12,78.2,5.8,1200,2.2,400000
Eastern,Maize,2020,Harmattan,Clay Loam,80,6,58.6,5.4,100,1.8,300000
Eastern,Maize,2021,Major Rainy,Loamy,160,13,86.1,6.1,1300,2.3,410000
Eastern,Maize,2021,Minor Rainy,Loamy,140,11,78.2,6,900,2.1,360000
Eastern,Maize,2022,Major Rainy,Sandy Loam,180,14,97.8,6.2,1400,2.5,450000
Eastern,Maize,2022,Minor Rainy,Sandy Loam,160,12,86.1,6.1,1000,2.3,400000
Eastern,Rice,2015,Major Rainy,Clay Loam,140,12,78.2,5.6,1300,1.6,80000
Eastern,Rice,2015,Minor Rainy,Clay Loam,120,10,70.3,5.5,900,1.4,70000
Eastern,Rice,2016,Major Rainy,Loamy,160,13,86.1,5.8,1350,1.7,85000
Eastern,Rice,2016,Minor Rainy,Loamy,140,11,78.2,5.7,800,1.5,75000
Eastern,Rice,2017,Major Rainy,Sandy Loam,100,10,70.3,5.4,1250,1.5,75000
Eastern,Rice,2017,Minor Rainy,Sandy Loam,80,8,62.6,5.3,700,1.3,65000
Eastern,Rice,2018,Major Rainy,Clay Loam,140,12,78.2,5.6,1300,1.6,80000
Eastern,Rice,2018,Minor Rainy,Clay Loam,120,10,70.3,5.5,900,1.4,70000
Eastern,Rice,2019,Major Rainy,Loamy,160,13,86.1,5.8,1350,1.7,85000
Eastern,Rice,2019,Minor Rainy,Loamy,140,11,78.2,5.7,800,1.5,75000
Eastern,Rice,2020,Major Rainy,Sandy Loam,100,10,70.3,5.4,1250,1.5,75000
Eastern,Rice,2020,Harmattan,Sandy Loam,60,6,58.6,5.2,100,1.2,50000
Eastern,Rice,2021,Major Rainy,Clay Loam,140,12,78.2,5.6,1300,1.6,80000
Eastern,Rice,2021,Minor Rainy,Clay Loam,120,10,70.3,5.5,900,1.4,70000
Eastern,Rice,2022,Major Rainy,Loamy,180,14,97.8,5.9,1400,1.8,100000
Eastern,Rice,2022,Minor Rainy,Loamy,160,12,86.1,5.8,1000,1.6,90000
Eastern,Cassava,2015,Major Rainy,Loamy,160,12,86.1,6,1300,15,1600000
Eastern,Cassava,2015,Minor Rainy,Loamy,140,10,78.2,5.9,900,13,1400000
Eastern,Cassava,2016,Major Rainy,Sandy Loam,120,10,70.3,5.7,1250,14,1500000
Eastern,Cassava,2016,Minor Rainy,Sandy Loam,100,8,62.6,5.6,800,12,1300000
Eastern,Cassava,2017,Major Rainy,Clay Loam,140,11,78.2,5.8,1200,14,1500000
Eastern,Cassava,2017,Minor Rainy,Clay Loam,120,9,70.3,5.7,750,12,1300000
Eastern,Cassava,2018,Major Rainy,Loamy,160,13,86.1,6.1,1300,16,1700000
Eastern,Cassava,2018,Minor Rainy,Loamy,140,11,78.2,6,900,14,1500000
Eastern,Cassava,2019,Major Rainy,Sandy Loam,120,10,70.3,5.7,1250,14,1500000
Eastern,Cassava,2019,Minor Rainy,Sandy Loam,100,8,62.6,5.6,800,12,1300000
Eastern,Cassava,2020,Major Rainy,Clay Loam,140,12,78.2,5.8,1200,15,1600000
Eastern,Cassava,2020,Harmattan,Clay Loam,80,6,58.6,5.4,100,10,1000000
Eastern,Cassava,2021,Major Rainy,Loamy,160,13,86.1,6.1,1300,16,1700000
Eastern,Cassava,2021,Minor Rainy,Loamy,140,11,78.2,6,900,14,1500000
Eastern,Cassava,2022,Major Rainy,Sandy Loam,180,14,97.8,6.2,1400,18,2000000
Eastern,Cassava,2022,Minor Rainy,Sandy Loam,160,12,86.1,6.1,1000,16,1800000
Eastern,Yam,2015,Major Rainy,Loamy,160,12,86.1,6,1300,13,1000000
Eastern,Yam,2015,Minor Rainy,Loamy,140,10,78.2,5.9,900,11,900000
Eastern,Yam,2016,Major Rainy,Clay Loam,140,11,78.2,5.8,1250,12,950000
Eastern,Yam,2016,Minor Rainy,Clay Loam,120,9,70.3,5.7,800,10,800000
Eastern,Yam,2017,Major Rainy,Sandy Loam,120,10,70.3,5.6,1200,11,900000
Eastern,Yam,2017,Minor Rainy,Sandy Loam,100,8,62.6,5.5,750,10,800000
Eastern,Yam,2018,Major Rainy,Loamy,160,13,86.1,6.1,1300,14,1100000
Eastern,Yam,2018,Minor Rainy,Loamy,140,11,78.2,6,900,12,1000000
Eastern,Yam,2019,Major Rainy,Clay Loam,140,12,78.2,5.8,1250,13,1000000
Eastern,Yam,2019,Minor Rainy,Clay Loam,120,10,70.3,5.7,800,11,900000
Eastern,Yam,2020,Major Rainy,Sandy Loam,120,11,70.3,5.6,1200,12,950000
Eastern,Yam,2020,Harmattan,Sandy Loam,80,6,58.6,5.4,100,8,600000
Eastern,Yam,2021,Major Rainy,Loamy,160,13,86.1,6.1,1300,14,1100000
Eastern,Yam,2021,Minor Rainy,Loamy,140,11,78.2,6,900,12,1000000
Eastern,Yam,2022,Major Rainy,Clay Loam,180,14,97.8,6.2,1400,15,1200000
Eastern,Yam,2022,Minor Rainy,Clay Loam,160,12,86.1,6.1,1000,13,1100000
Eastern,Cocoyam,2015,Major Rainy,Loamy,160,12,86.1,6,1300,7,200000
Eastern,Cocoyam,2015,Minor Rainy,Loamy,140,10,78.2,5.9,900,6,180000
Eastern,Cocoyam,2016,Major Rainy,Clay Loam,140,11,78.2,5.8,1250,6.5,190000
Eastern,Cocoyam,2016,Minor Rainy,Clay Loam,120,9,70.3,5.7,800,5.5,160000
Eastern,Cocoyam,2017,Major Rainy,Sandy Loam,120,10,70.3,5.6,1200,6,180000
Eastern,Cocoyam,2017,Minor Rainy,Sandy Loam,100,8,62.6,5.5,750,5,150000
Eastern,Cocoyam,2018,Major Rainy,Loamy,160,13,86.1,6.1,1300,7.5,210000
Eastern,Cocoyam,2018,Minor Rainy,Loamy,140,11,78.2,6,900,6.5,190000
Eastern,Cocoyam,2019,Major Rainy,Clay Loam,140,12,78.2,5.8,1250,7,200000
Eastern,Cocoyam,2019,Minor Rainy,Clay Loam,120,10,70.3,5.7,800,6,180000
Eastern,Cocoyam,2020,Major Rainy,Sandy Loam,120,11,70.3,5.6,1200,6.5,190000
Eastern,Cocoyam,2020,Harmattan,Sandy Loam,80,6,58.6,5.4,100,5,150000
Eastern,Cocoyam,2021,Major Rainy,Loamy,160,13,86.1,6.1,1300,7.5,210000
Eastern,Cocoyam,2021,Minor Rainy,Loamy,140,11,78.2,6,900,6.5,190000
Eastern,Cocoyam,2022,Major Rainy,Clay Loam,180,14,97.8,6.2,1400,8,250000
Eastern,Cocoyam,2022,Minor Rainy,Clay Loam,160,12,86.1,6.1,1000,7,220000
Eastern,Plantain,2015,Major Rainy,Loamy,160,12,86.1,6,1300,10,550000
Eastern,Plantain,2015,Minor Rainy,Loamy,140,10,78.2,5.9,900,9,500000
Eastern,Plantain,2016,Major Rainy,Clay Loam,140,11,78.2,5.8,1250,9.5,525000
Eastern,Plantain,2016,Minor Rainy,Clay Loam,120,9,70.3,5.7,800,8.5,475000
Eastern,Plantain,2017,Major Rainy,Sandy Loam,120,10,70.3,5.6,1200,9,500000
Eastern,Plantain,2017,Minor Rainy,Sandy Loam,100,8,62.6,5.5,750,8,450000
Eastern,Plantain,2018,Major Rainy,Loamy,160,13,86.1,6.1,1300,11,600000
Eastern,Plantain,2018,Minor Rainy,Loamy,140,11,78.2,6,900,10,550000
Eastern,Plantain,2019,Major Rainy,Clay Loam,140,12,78.2,5.8,1250,10,550000
Eastern,Plantain,2019,Minor Rainy,Clay Loam,120,10,70.3,5.7,800,9,500000
Eastern,Plantain,2020,Major Rainy,Sandy Loam,120,11,70.3,5.6,1200,9.5,525000
Eastern,Plantain,2020,Harmattan,Sandy Loam,80,6,58.6,5.4,100,8,450000
Eastern,Plantain,2021,Major Rainy,Loamy,160,13,86.1,6.1,1300,11,600000
Eastern,Plantain,2021,Minor Rainy,Loamy,140,11,78.2,6,900,10,550000
Eastern,Plantain,2022,Major Rainy,Clay Loam,180,14,97.8,6.2,1400,12,700000
Eastern,Plantain,2022,Minor Rainy,Clay Loam,160,12,86.1,6.1,1000,11,650000
Eastern,Cowpea,2015,Major Rainy,Sandy Loam,80,10,70.3,5.8,1300,1,20000
Eastern,Cowpea,2015,Minor Rainy,Sandy Loam,60,8,62.6,5.7,900,0.8,15000
Eastern,Cowpea,2015,Harmattan,Sandy Loam,60,6,58.6,5.5,100,0.6,10000
Eastern,Cowpea,2016,Major Rainy,Loamy,100,11,78.2,5.9,1350,1.1,22000
Eastern,Cowpea,2016,Minor Rainy,Loamy,80,9,70.3,5.8,800,0.9,18000
Eastern,Cowpea,2017,Major Rainy,Clay Loam,100,10,70.3,5.7,1250,1,20000
Eastern,Cowpea,2017,Minor Rainy,Clay Loam,80,8,62.6,5.6,750,0.8,15000
Eastern,Cowpea,2018,Major Rainy,Sandy Loam,80,11,78.2,5.9,1300,1.1,22000
Eastern,Cowpea,2018,Minor Rainy,Sandy Loam,60,9,70.3,5.8,900,0.9,18000
Eastern,Cowpea,2019,Major Rainy,Loamy,100,12,86.1,6,1350,1.1,22000
Eastern,Cowpea,2019,Minor Rainy,Loamy,80,10,78.2,5.9,800,0.9,18000
Eastern,Cowpea,2020,Major Rainy,Clay Loam,100,11,70.3,5.7,1250,1,20000
Eastern,Cowpea,2020,Harmattan,Clay Loam,60,6,58.6,5.5,100,0.6,10000
Eastern,Cowpea,2021,Major Rainy,Sandy Loam,80,11,78.2,5.9,1300,1.1,22000
Eastern,Cowpea,2021,Minor Rainy,Sandy Loam,60,9,70.3,5.8,900,0.9,18000
Eastern,Cowpea,2022,Major Rainy,Loamy,120,12,86.1,6,1400,1.2,30000
Eastern,Cowpea,2022,Minor Rainy,Loamy,100,10,78.2,5.9,1000,1,25000
Eastern,Groundnut,2015,Major Rainy,Sandy Loam,80,10,70.3,5.8,1300,1,20000
Eastern,Groundnut,2015,Minor Rainy,Sandy Loam,60,8,62.6,5.7,900,0.8,15000
Eastern,Groundnut,2015,Harmattan,Sandy Loam,60,6,58.6,5.5,100,0.6,10000
Eastern,Groundnut,2016,Major Rainy,Loamy,100,11,78.2,5.9,1350,11.1,22000
Eastern,Groundnut,2016,Minor Rainy,Loamy,80,9,70.3,5.8,800,0.9,18000
Eastern,Groundnut,2017,Major Rainy,Clay Loam,100,10,70.3,5.7,1250,1,20000
Eastern,Groundnut,2017,Minor Rainy,Clay Loam,80,8,62.6,5.6,750,0.8,15000
Eastern,Groundnut,2018,Major Rainy,Sandy Loam,80,11,78.2,5.9,1300,1.1,22000
Eastern,Groundnut,2018,Minor Rainy,Sandy Loam,60,9,70.3,5.8,900,0.9,18000
Eastern,Groundnut,2019,Major Rainy,Loamy,100,12,86.1,6,1350,1.1,22000
Eastern,Groundnut,2019,Minor Rainy,Loamy,80,10,78.2,5.9,800,0.9,18000
Eastern,Groundnut,2020,Major Rainy,Clay Loam,100,11,70.3,5.7,1250,1,20000
Eastern,Groundnut,2020,Harmattan,Clay Loam,60,6,58.6,5.5,100,0.6,10000
Eastern,Groundnut,2021,Major Rainy,Sandy Loam,80,11,78.2,5.9,1300,1.1,22000
Eastern,Groundnut,2021,Minor Rainy,Sandy Loam,60,9,70.3,5.8,900,0.9,18000
Eastern,Groundnut,2022,Major Rainy,Loamy,120,12,86.1,6,1400,1.2,30000
Eastern,Groundnut,2022,Minor Rainy,Loamy,100,10,78.2,5.9,1000,1,25000
Eastern,Groundnut,2023,Major Rainy,Loamy,120,12,86.1,6,1400,1.3,32000
Eastern,Groundnut,2023,Minor Rainy,Loamy,100,10,78.2,5.9,1000,1.1,27000
Eastern,Groundnut,2023,Harmattan,Loamy,80,8,70.3,5.7,150,0.7,12000
Volta,Maize,2015,Major Rainy,Loamy,140,10,78.2,5.8,1200,1.8,180000
Volta,Maize,2015,Minor Rainy,Loamy,120,8,70.3,5.7,800,1.6,160000
Volta,Maize,2016,Major Rainy,Sandy Loam,100,9,62.6,5.6,1150,1.7,170000
Volta,Maize,2016,Minor Rainy,Sandy Loam,80,7,58.6,5.5,700,1.5,150000
Volta,Maize,2017,Major Rainy,Clay Loam,120,10,70.3,5.7,1100,1.8,180000
Volta,Maize,2017,Minor Rainy,Clay Loam,100,8,62.6,5.6,650,1.6,160000
Volta,Maize,2018,Major Rainy,Loamy,140,11,78.2,5.9,1200,1.9,190000
Volta,Maize,2018,Minor Rainy,Loamy,120,9,70.3,5.8,800,1.7,170000
Volta,Maize,2019,Major Rainy,Sandy Loam,100,10,62.6,5.6,1150,1.8,180000
Volta,Maize,2019,Minor Rainy,Sandy Loam,80,8,58.6,5.5,700,1.6,160000
Volta,Maize,2020,Major Rainy,Clay Loam,120,11,70.3,5.7,1100,1.9,190000
Volta,Maize,2020,Harmattan,Clay Loam,60,6,54.7,5.4,100,1.5,150000
Volta,Maize,2021,Major Rainy,Loamy,140,11,78.2,5.9,1200,2,200000
Volta,Maize,2021,Minor Rainy,Loamy,120,9,70.3,5.8,800,1.8,180000
Volta,Maize,2022,Major Rainy,Sandy Loam,160,12,86.1,6,1300,2.1,220000
Volta,Maize,2022,Minor Rainy,Sandy Loam,140,10,78.2,5.9,900,1.9,200000
Volta,Maize,2023,Major Rainy,Loamy,160,12,86.1,6,1300,2.2,250000
Volta,Maize,2023,Minor Rainy,Loamy,140,10,78.2,5.9,900,2,230000
Volta,Rice,2015,Major Rainy,Clay Loam,120,10,70.3,5.6,1200,1.4,70000
Volta,Rice,2015,Minor Rainy,Clay Loam,100,8,62.6,5.5,800,1.2,60000
Volta,Rice,2016,Major Rainy,Loamy,140,11,78.2,5.8,1250,1.5,75000
Volta,Rice,2016,Minor Rainy,Loamy,120,9,70.3,5.7,700,1.3,65000
Volta,Rice,2017,Major Rainy,Sandy Loam,80,9,62.6,5.5,1150,1.3,65000
Volta,Rice,2017,Minor Rainy,Sandy Loam,60,7,58.6,5.4,650,1.1,55000
Volta,Rice,2018,Major Rainy,Clay Loam,120,10,70.3,5.6,1200,1.4,70000
Volta,Rice,2018,Minor Rainy,Clay Loam,100,8,62.6,5.5,800,1.2,60000
Volta,Rice,2019,Major Rainy,Loamy,140,11,78.2,5.8,1250,1.5,75000
Volta,Rice,2019,Minor Rainy,Loamy,120,9,70.3,5.7,700,1.3,65000
Volta,Rice,2020,Major Rainy,Sandy Loam,80,9,62.6,5.5,1150,1.3,65000
Volta,Rice,2020,Harmattan,Sandy Loam,60,6,54.7,5.4,100,1,50000
Volta,Rice,2021,Major Rainy,Clay Loam,120,10,70.3,5.6,1200,1.4,70000
Volta,Rice,2021,Minor Rainy,Clay Loam,100,8,62.6,5.5,800,1.2,60000
Volta,Rice,2022,Major Rainy,Loamy,160,12,86.1,5.9,1300,1.6,90000
Volta,Rice,2022,Minor Rainy,Loamy,140,10,78.2,5.8,900,1.4,80000
Volta,Rice,2023,Major Rainy,Loamy,160,12,86.1,5.9,1300,1.6,100000
Volta,Rice,2023,Minor Rainy,Loamy,140,10,78.2,5.8,900,1.4,90000
Volta,Cassava,2015,Major Rainy,Loamy,140,10,78.2,5.8,1200,13,1300000
Volta,Cassava,2015,Minor Rainy,Loamy,120,8,70.3,5.7,800,11,1100000
Volta,Cassava,2016,Major Rainy,Sandy Loam,100,9,62.6,5.6,1150,12,1200000
Volta,Cassava,2016,Minor Rainy,Sandy Loam,80,7,58.6,5.5,700,10,1000000
Volta,Cassava,2017,Major Rainy,Clay Loam,120,10,70.3,5.7,1100,12,1200000
Volta,Cassava,2017,Minor Rainy,Clay Loam,100,8,62.6,5.6,650,10,1000000
Volta,Cassava,2018,Major Rainy,Loamy,140,11,78.2,5.9,1200,14,1400000
Volta,Cassava,2018,Minor Rainy,Loamy,120,9,70.3,5.8,800,12,1200000
Volta,Cassava,2019,Major Rainy,Sandy Loam,100,10,62.6,5.6,1150,12,1200000
Volta,Cassava,2019,Minor Rainy,Sandy Loam,80,8,58.6,5.5,700,10,1000000
Volta,Cassava,2020,Major Rainy,Clay Loam,120,11,70.3,5.7,1100,13,1300000
Volta,Cassava,2020,Harmattan,Clay Loam,60,6,54.7,5.4,100,8,800000
Volta,Cassava,2021,Major Rainy,Loamy,140,11,78.2,5.9,1200,14,1400000
Volta,Cassava,2021,Minor Rainy,Loamy,120,9,70.3,5.8,800,12,1200000
Volta,Cassava,2022,Major Rainy,Sandy Loam,160,12,86.1,6,1300,15,1600000
Volta,Cassava,2022,Minor Rainy,Sandy Loam,140,10,78.2,5.9,900,13,1400000
Volta,Cassava,2023,Major Rainy,Loamy,160,12,86.1,6,1300,16,1800000
Volta,Cassava,2023,Minor Rainy,Loamy,140,10,78.2,5.9,900,14,1600000
Volta,Yam,2015,Major Rainy,Loamy,130,10,78.2,5.8,1200,10,800000
Volta,Yam,2015,Minor Rainy,Loamy,110,8,70.3,5.7,800,8,700000
Volta,Yam,2016,Major Rainy,Clay Loam,120,10,70.3,6,1150,9.5,750000
Volta,Yam,2016,Minor Rainy,Clay Loam,100,8,62.6,5.9,700,8,650000
Volta,Yam,2017,Major Rainy,Sandy Loam,100,9,62.6,5.5,1100,9,700000
Volta,Yam,2017,Minor Rainy,Sandy Loam,80,7,58.6,5.4,650,7.5,600000
Volta,Yam,2018,Major Rainy,Loamy,130,11,78.2,5.8,1200,11,850000
Volta,Yam,2018,Minor Rainy,Loamy,110,9,70.3,5.7,800,9,750000
Volta,Yam,2019,Major Rainy,Clay Loam,120,10,70.3,6,1150,10,800000
Volta,Yam,2019,Minor Rainy,Clay Loam,100,9,62.6,5.9,700,8,700000
Volta,Yam,2020,Major Rainy,Sandy Loam,120,10,70.3,5.5,1100,9.5,750000
Volta,Yam,2020,Harmattan,Sandy Loam,60,6,54.7,5.4,100,6,400000
Volta,Yam,2021,Major Rainy,Loamy,130,11,78.2,5.8,1200,11,850000
Volta,Yam,2021,Minor Rainy,Loamy,110,9,70.3,5.7,800,9,750000
Volta,Yam,2022,Major Rainy,Clay Loam,140,12,86.1,6,1300,12,950000
Volta,Yam,2022,Minor Rainy,Clay Loam,120,10,78.2,5.9,900,10,850000
Volta,Yam,2023,Major Rainy,Loamy,140,12,86.1,6,1300,12,1000000
Volta,Yam,2023,Minor Rainy,Loamy,120,10,78.2,5.9,900,10,900000
Volta,Cocoyam,2015,Major Rainy,Loamy,140,10,78.2,5.8,1200,5.5,110000
Volta,Cocoyam,2015,Minor Rainy,Loamy,120,8,70.3,5.7,800,4.5,90000
Volta,Cocoyam,2016,Major Rainy,Clay Loam,120,10,70.3,5.6,1150,5,100000
Volta,Cocoyam,2016,Minor Rainy,Clay Loam,100,8,62.6,5.5,700,4,80000
Volta,Cocoyam,2017,Major Rainy,Sandy Loam,100,9,62.6,5.5,1100,4.5,90000
Volta,Cocoyam,2017,Minor Rainy,Sandy Loam,80,7,58.6,5.4,650,4,80000
Volta,Cocoyam,2018,Major Rainy,Loamy,140,11,78.2,5.9,1200,6,120000
Volta,Cocoyam,2018,Minor Rainy,Loamy,120,9,70.3,5.8,800,5,100000
Volta,Cocoyam,2019,Major Rainy,Clay Loam,120,10,70.3,5.6,1150,5.5,110000
Volta,Cocoyam,2019,Minor Rainy,Clay Loam,100,8,62.6,5.5,700,4.5,90000
Volta,Cocoyam,2020,Major Rainy,Sandy Loam,100,9,62.6,5.5,1100,5,100000
Volta,Cocoyam,2020,Harmattan,Sandy Loam,60,6,54.7,5.4,100,4,80000
Volta,Cocoyam,2021,Major Rainy,Loamy,140,11,78.2,5.9,1200,6,120000
Volta,Cocoyam,2021,Minor Rainy,Loamy,120,9,70.3,5.8,800,5,100000
Volta,Cocoyam,2022,Major Rainy,Clay Loam,160,12,86.1,6,1300,6.5,140000
Volta,Cocoyam,2022,Minor Rainy,Clay Loam,140,10,78.2,5.9,900,5.5,120000
Volta,Cocoyam,2023,Major Rainy,Loamy,160,12,86.1,6,1300,7,150000
Volta,Cocoyam,2023,Minor Rainy,Loamy,140,10,78.2,5.9,900,6,130000
Volta,Plantain,2015,Major Rainy,Loamy,140,10,78.2,5.8,1200,9,360000
Volta,Plantain,2015,Minor Rainy,Loamy,120,8,70.3,5.7,800,8,320000
Volta,Plantain,2016,Major Rainy,Clay Loam,120,10,70.3,5.6,1150,8.5,340000
Volta,Plantain,2016,Minor Rainy,Clay Loam,100,8,62.6,5.5,700,7.5,300000
Volta,Plantain,2017,Major Rainy,Sandy Loam,100,9,62.6,5.5,1100,8,320000
Volta,Plantain,2017,Minor Rainy,Sandy Loam,80,7,58.6,5.4,650,7,280000
Volta,Plantain,2018,Major Rainy,Loamy,140,11,78.2,5.9,1200,9.5,380000
Volta,Plantain,2018,Minor Rainy,Loamy,120,9,70.3,5.8,800,8.5,340000
Volta,Plantain,2019,Major Rainy,Clay Loam,120,10,70.3,5.6,1150,9,360000
Volta,Plantain,2019,Minor Rainy,Clay Loam,100,8,62.6,5.5,700,8,320000
Volta,Plantain,2020,Major Rainy,Sandy Loam,100,9,62.6,5.5,1100,8.5,340000
Volta,Plantain,2020,Harmattan,Sandy Loam,60,6,54.7,5.4,100,7,280000
Volta,Plantain,2021,Major Rainy,Loamy,140,11,78.2,5.9,1200,10,400000
Volta,Plantain,2021,Minor Rainy,Loamy,120,9,70.3,5.8,800,9,360000
Volta,Plantain,2022,Major Rainy,Clay Loam,160,12,86.1,6,1300,10.5,450000
Volta,Plantain,2022,Minor Rainy,Clay Loam,140,10,78.2,5.9,900,9.5,400000
Volta,Plantain,2023,Major Rainy,Loamy,160,12,86.1,6,1300,11,500000
Volta,Plantain,2023,Minor Rainy,Loamy,140,10,78.2,5.9,900,10,450000
Volta,Cowpea,2015,Major Rainy,Sandy Loam,80,10,62.6,5.6,1200,0.9,9000
Volta,Cowpea,2015,Minor Rainy,Sandy Loam,60,8,58.6,5.5,800,0.7,7000
Volta,Cowpea,2015,Harmattan,Sandy Loam,60,6,54.7,5.4,100,0.5,5000
Volta,Cowpea,2016,Major Rainy,Loamy,100,11,70.3,5.8,1250,1,10000
Volta,Cowpea,2016,Minor Rainy,Loamy,80,9,62.6,5.7,700,0.8,8000
Volta,Cowpea,2017,Major Rainy,Clay Loam,70,10,62.6,5.6,1150,0.9,9000
Volta,Cowpea,2017,Minor Rainy,Clay Loam,60,8,58.6,5.5,650,0.7,7000
Volta,Cowpea,2018,Major Rainy,Sandy Loam,80,11,70.3,5.7,1200,1,10000
Volta,Cowpea,2018,Minor Rainy,Sandy Loam,60,9,62.6,5.6,800,0.8,8000
Volta,Cowpea,2019,Major Rainy,Loamy,100,11,70.3,5.8,1250,1,10000
Volta,Cowpea,2019,Minor Rainy,Loamy,80,9,62.6,5.7,700,0.8,8000
Volta,Cowpea,2020,Major Rainy,Clay Loam,70,10,62.6,5.6,1150,0.9,9000
Volta,Cowpea,2020,Harmattan,Clay Loam,60,6,54.7,5.4,100,0.5,5000
Volta,Cowpea,2021,Major Rainy,Sandy Loam,80,11,70.3,5.7,1200,1,10000
Volta,Cowpea,2021,Minor Rainy,Sandy Loam,60,9,62.6,5.6,800,0.8,8000
Volta,Cowpea,2022,Major Rainy,Loamy,100,12,78.2,5.9,1300,1.1,12000
Volta,Cowpea,2022,Minor Rainy,Loamy,80,10,70.3,5.8,900,0.9,10000
Volta,Cowpea,2023,Major Rainy,Loamy,100,12,78.2,5.9,1300,1.1,15000
Volta,Cowpea,2023,Minor Rainy,Loamy,80,10,70.3,5.8,900,0.9,12000
Northern,Maize,2015,Major Rainy,Sandy Loam,80,8,60.8,5.5,1000,1.4,350000
Northern,Maize,2015,Minor Rainy,Sandy Loam,60,6,50,5.4,300,1.2,300000
Northern,Maize,2016,Major Rainy,Loamy,100,9,70.3,5.7,1050,1.5,375000
Northern,Maize,2016,Minor Rainy,Loamy,80,7,60.8,5.6,250,1.3,325000
Northern,Maize,2017,Major Rainy,Clay Loam,90,6,60.8,5.5,950,1.4,350000
Northern,Maize,2017,Minor Rainy,Clay Loam,70,5,50,5.4,200,1.2,0
Northern,Maize,2018,Major Rainy,Sandy Loam,100,8,70.3,5.7,1000,1.6,400000
Northern,Maize,2018,Minor Rainy,Sandy Loam,80,6,60.8,5.6,300,1.4,350000
Northern,Maize,2019,Major Rainy,Loamy,120,9,70.6,5.8,1050,1.6,400000
Northern,Maize,2019,Minor Rainy,Loamy,100,7,60.8,5.7,250,1.4,350000
Northern,Maize,2020,Major Rainy,Clay Loam,100,8,70.3,5.6,950,1.5,375000
Northern,Maize,2020,Harmattan,Clay Loam,50,5,50,5.2,50,1.2,100000
Northern,Maize,2021,Major Rainy,Sandy Loam,120,9,70.3,5.8,1000,1.7,425000
Northern,Maize,2021,Minor Rainy,Sandy Loam,100,7,60.8,5.7,300,1.5,375000
Northern,Maize,2022,Major Rainy,Loamy,140,10,80,6,1100,1.8,450000
Northern,Maize,2022,Minor Rainy,Loamy,120,8,70.3,5.9,400,1.6,400000
Northern,Maize,2023,Major Rainy,Loamy,140,10,80,6,1100,1.8,500000
Northern,Maize,2023,Minor Rainy,Loamy,120,8,70.3,5.9,400,1.6,450000
Northern,Rice,2015,Major Rainy,Clay Loam,100,8,70.3,5.6,1000,1.5,140000
Northern,Rice,2015,Minor Rainy,Clay Loam,80,6,60.8,5.5,300,1.3,120000
Northern,Rice,2016,Major Rainy,Loamy,120,9,70.6,5.8,1050,1.6,150000
Northern,Rice,2016,Minor Rainy,Loamy,100,7,60.8,5.7,250,1.4,130000
Northern,Rice,2017,Major Rainy,Sandy Loam,80,6,60.8,5.5,950,1.4,140000
Northern,Rice,2017,Minor Rainy,Sandy Loam,60,5,50,5.4,200,1.2,110000
Northern,Rice,2018,Major Rainy,Clay Loam,120,9,70.3,5.7,1000,1.7,160000
Northern,Rice,2018,Minor Rainy,Clay Loam,100,7,60.8,5.6,300,1.5,140000
Northern,Rice,2019,Major Rainy,Loamy,120,9,80,5.8,1050,1.7,170000
Northern,Rice,2019,Minor Rainy,Loamy,100,7,70.3,5.7,250,1.5,150000
Northern,Rice,2020,Major Rainy,Sandy Loam,250,8,70.3,5.6,950,1.6,150000
Northern,Rice,2020,Harmattan,Sandy Loam,50,5,50,5.2,50,1,100000
Northern,Rice,2021,Major Rainy,Clay Loam,120,9,80,5.8,1000,1.8,180000
Northern,Rice,2021,Minor Rainy,Clay Loam,100,7,70.3,5.7,300,1.6,160000
Northern,Rice,2022,Major Rainy,Loamy,140,10,80,6,1100,1.9,200000
Northern,Rice,2022,Minor Rainy,Loamy,120,8,70.3,5.9,400,1.7,180000
Northern,Rice,2023,Major Rainy,Loamy,140,10,80,6,1100,2,220000
Northern,Rice,2023,Minor Rainy,Loamy,120,8,70.3,5.9,400,1.8,200000
Northern,Cassava,2015,Major Rainy,Loamy,120,8,70.3,5.7,1000,9,900000
Northern,Cassava,2015,Minor Rainy,Loamy,100,6,60.8,5.6,300,8,800000
Northern,Cassava,2016,Major Rainy,Sandy Loam,80,7,60.8,5.5,1050,8.5,850000
Northern,Cassava,2016,Minor Rainy,Sandy Loam,60,5,50,5.4,250,7.5,750000
Northern,Cassava,2017,Major Rainy,Clay Loam,100,8,70.3,5.6,950,8.5,850000
Northern,Cassava,2017,Minor Rainy,Clay Loam,80,6,60.8,5.5,200,7.5,750000
Northern,Cassava,2018,Major Rainy,Loamy,120,9,70.3,5.7,1000,9.5,950000
Northern,Cassava,2018,Minor Rainy,Loamy,100,7,60.8,5.6,300,8.5,850000
Northern,Cassava,2019,Major Rainy,Sandy Loam,100,8,70.3,5.6,1050,9,900000
Northern,Cassava,2019,Minor Rainy,Sandy Loam,80,6,60.8,5.5,250,8,800000
Northern,Cassava,2020,Major Rainy,Clay Loam,120,9,70.3,5.7,950,9,900000
Northern,Cassava,2020,Harmattan,Clay Loam,50,5,50,5.2,50,6,600000
Northern,Cassava,2021,Major Rainy,Loamy,120,9,80,5.8,1000,10,1000000
Northern,Cassava,2021,Minor Rainy,Loamy,100,7,70.3,5.7,300,9,900000
Northern,Cassava,2022,Major Rainy,Sandy Loam,140,10,80,6,1100,11,1100000
Northern,Cassava,2022,Minor Rainy,Sandy Loam,120,8,70.3,5.9,400,10,1000000
Northern,Cassava,2023,Major Rainy,Loamy,140,10,80,6,1100,12,1200000
Northern,Cassava,2023,Minor Rainy,Loamy,120,8,70.3,5.9,400,11,1100000
Northern,Yam,2015,Major Rainy,Loamy,120,8,70.3,5.7,1000,7,350000
Northern,Yam,2015,Minor Rainy,Loamy,100,6,60.8,5.6,300,6,300000
Northern,Yam,2016,Major Rainy,Clay Loam,100,7,60.8,5.6,1050,7.5,375000
Northern,Yam,2016,Minor Rainy,Clay Loam,80,5,50,5.5,250,6.5,325000
Northern,Yam,2017,Major Rainy,Sandy Loam,80,6,60.8,5.5,950,6.5,325000
Northern,Yam,2017,Minor Rainy,Sandy Loam,60,5,50,5.4,200,5.5,275000
Northern,Yam,2018,Major Rainy,Loamy,120,8,70.3,5.7,1000,8,400000
Northern,Yam,2018,Minor Rainy,Loamy,100,6,60.8,5.6,300,7,350000
Northern,Yam,2019,Major Rainy,Clay Loam,100,7,60.8,5.6,1050,8,400000
Northern,Yam,2019,Minor Rainy,Clay Loam,80,5,50,5.5,250,7,350000
Northern,Yam,2020,Major Rainy,Sandy Loam,100,7,60.8,5.5,950,7.5,375000
Northern,Yam,2020,Harmattan,Sandy Loam,50,4,50,5.2,50,5,250000
Northern,Yam,2021,Major Rainy,Loamy,120,9,80,5.8,1000,8.5,425000
Northern,Yam,2021,Minor Rainy,Loamy,100,7,70.3,5.7,300,7.5,375000
Northern,Yam,2022,Major Rainy,Clay Loam,140,10,80,6,1100,9,450000
Northern,Yam,2022,Minor Rainy,Clay Loam,120,8,70.3,5.9,400,8,400000
Northern,Yam,2023,Major Rainy,Loamy,140,10,80,6,1100,10,500000
Northern,Yam,2023,Minor Rainy,Loamy,120,8,70.3,5.9,400,9,450000
Northern,Cocoyam,2015,Major Rainy,Clay Loam,100,7,60.8,5.6,1000,4,20000
Northern,Cocoyam,2015,Minor Rainy,Clay Loam,80,5,50,5.5,300,3.5,17500
Northern,Cocoyam,2016,Major Rainy,Loamy,120,8,70.3,5.7,1050,4.5,22500
Northern,Cocoyam,2016,Minor Rainy,Loamy,100,6,60.8,5.6,250,4,20000
Northern,Cocoyam,2017,Major Rainy,Sandy Loam,80,6,60.8,5.5,950,3.5,17500
Northern,Cocoyam,2017,Minor Rainy,Sandy Loam,60,5,50,5.4,200,3,15000
Northern,Cocoyam,2018,Major Rainy,Clay Loam,100,7,60.8,5.6,1000,4.5,22500
Northern,Cocoyam,2018,Minor Rainy,Clay Loam,80,5,50,5.5,300,4,20000
Northern,Cocoyam,2019,Major Rainy,Loamy,120,8,70.3,5.7,1050,4.5,22500
Northern,Cocoyam,2019,Minor Rainy,Loamy,100,6,60.8,5.6,250,4,20000
Northern,Cocoyam,2020,Major Rainy,Sandy Loam,80,6,60.8,5.5,950,4,20000
Northern,Cocoyam,2020,Harmattan,Sandy Loam,50,4,50,5.2,50,3,15000
Northern,Cocoyam,2021,Major Rainy,Clay Loam,120,8,70.3,5.7,1000,4.5,22500
Northern,Cocoyam,2021,Minor Rainy,Clay Loam,100,6,60.8,5.6,300,4,20000
Northern,Cocoyam,2022,Major Rainy,Loamy,140,9,80,5.8,1100,5,25000
Northern,Cocoyam,2022,Minor Rainy,Loamy,120,7,70.3,5.7,400,4.5,22500
Northern,Cocoyam,2023,Major Rainy,Loamy,140,10,80,6,1100,5,28000
Northern,Cocoyam,2023,Minor Rainy,Loamy,120,8,70.3,5.9,400,4.5,25000
Northern,Plantain,2015,Major Rainy,Loamy,120,8,70.3,5.7,1000,6,30000
Northern,Plantain,2015,Minor Rainy,Loamy,100,6,60.8,5.6,300,5,25000
Northern,Plantain,2016,Major Rainy,Clay Loam,100,7,60.8,5.6,1050,6.5,32500
Northern,Plantain,2016,Minor Rainy,Clay Loam,80,5,50,5.5,250,5.5,27500
Northern,Plantain,2017,Major Rainy,Sandy Loam,80,6,60.8,5.5,950,5.5,27500
Northern,Plantain,2017,Minor Rainy,Sandy Loam,60,5,50,5.4,200,4.5,22500
Northern,Plantain,2018,Major Rainy,Loamy,120,8,70.3,5.7,1000,6.5,32500
Northern,Plantain,2018,Minor Rainy,Loamy,100,6,60.8,5.6,300,5.5,27500
Northern,Plantain,2019,Major Rainy,Clay Loam,100,7,60.8,5.6,1050,6.5,32500
Northern,Plantain,2019,Minor Rainy,Clay Loam,80,5,50,5.5,250,5.5,27500
Northern,Plantain,2020,Major Rainy,Sandy Loam,100,7,60.8,5.5,950,6,30000
Northern,Plantain,2020,Harmattan,Sandy Loam,50,4,50,5.2,50,4,20000
Northern,Plantain,2021,Major Rainy,Loamy,120,9,80,5.8,1000,7,35000
Northern,Plantain,2021,Minor Rainy,Loamy,100,7,70.3,5.7,300,6,30000
Northern,Plantain,2022,Major Rainy,Clay Loam,140,10,80,6,1100,7.5,37500
Northern,Plantain,2022,Minor Rainy,Clay Loam,120,8,70.3,5.9,400,6.5,32500
Northern,Plantain,2023,Major Rainy,Loamy,140,10,80,6,1100,8,40000
Northern,Plantain,2023,Minor Rainy,Loamy,120,8,70.3,5.9,400,7,35000
Northern,Cowpea,2015,Major Rainy,Sandy Loam,80,8,60.8,5.5,1000,0.8,60000
Northern,Cowpea,2015,Minor Rainy,Sandy Loam,60,6,50,5.4,300,0.6,45000
Northern,Cowpea,2015,Harmattan,Sandy Loam,50,5,50,5.2,50,0.5,30000
Northern,Cowpea,2016,Major Rainy,Loamy,100,9,70.3,5.7,1050,0.9,70000
Northern,Cowpea,2016,Minor Rainy,Loamy,80,7,60.8,5.6,250,0.7,50000
Northern,Cowpea,2017,Major Rainy,Clay Loam,90,8,60.8,5.6,950,0.8,60000
Northern,Cowpea,2017,Minor Rainy,Clay Loam,70,6,50,5.5,200,0.6,45000
Northern,Cowpea,2018,Major Rainy,Sandy Loam,100,9,70.3,5.7,1000,1,75000
Northern,Cowpea,2018,Minor Rainy,Sandy Loam,80,7,60.8,5.6,300,0.8,60000
Northern,Cowpea,2019,Major Rainy,Loamy,100,9,70.3,5.8,1050,1,75000
Northern,Cowpea,2019,Minor Rainy,Loamy,80,7,60.8,5.7,250,0.8,60000
Northern,Cowpea,2020,Major Rainy,Clay Loam,90,8,60.8,5.6,950,0.9,70000
Northern,Cowpea,2020,Harmattan,Clay Loam,50,5,50,5.2,50,0.6,45000
Northern,Cowpea,2021,Major Rainy,Sandy Loam,100,9,70.3,5.8,1000,1.1,80000
Northern,Cowpea,2021,Minor Rainy,Sandy Loam,80,7,60.8,5.7,300,0.9,65000
Northern,Cowpea,2022,Major Rainy,Loamy,120,10,80,6,1100,1.2,90000
Northern,Cowpea,2022,Minor Rainy,Loamy,100,8,70.3,5.9,400,1,75000
Northern,Cowpea,2023,Major Rainy,Loamy,120,10,80,6,1100,1.2,100000
Northern,Cowpea,2023,Minor Rainy,Loamy,100,8,70.3,5.9,400,1,85000
Northern,Groundnut,2015,Major Rainy,Sandy Loam,80,8,60.8,5.5,1000,1,100000
Northern,Groundnut,2015,Minor Rainy,Sandy Loam,60,6,50,5.4,300,0.8,80000
Northern,Groundnut,2015,Harmattan,Sandy Loam,50,5,50,5.2,50,0.6,60000
Northern,Groundnut,2016,Major Rainy,Loamy,100,9,70.3,5.7,1050,1.1,110000
Northern,Groundnut,2016,Minor Rainy,Loamy,80,7,60.8,5.6,250,0.9,90000
Northern,Groundnut,2017,Major Rainy,Clay Loam,90,8,60.8,5.6,950,1,100000
Northern,Groundnut,2017,Minor Rainy,Clay Loam,70,6,50,5.5,200,0.8,80000
Northern,Groundnut,2018,Major Rainy,Sandy Loam,100,9,70.3,5.7,1000,1.2,120000
Northern,Groundnut,2018,Minor Rainy,Sandy Loam,80,7,60.8,5.6,300,1,100000
Northern,Groundnut,2019,Major Rainy,Loamy,100,9,70.3,5.8,1050,1.2,120000
Northern,Groundnut,2019,Minor Rainy,Loamy,80,7,60.8,5.7,250,1,100000
Northern,Groundnut,2020,Major Rainy,Clay Loam,90,8,60.8,5.6,950,1.1,110000
Northern,Groundnut,2020,Harmattan,Clay Loam,50,5,50,5.2,50,0.7,70000
Northern,Groundnut,2021,Major Rainy,Sandy Loam,100,9,70.3,5.8,1000,1.3,130000
Northern,Groundnut,2021,Minor Rainy,Sandy Loam,80,7,60.8,5.7,300,1.1,110000
Northern,Groundnut,2022,Major Rainy,Loamy,120,10,80,6,1100,1.4,140000
Northern,Groundnut,2022,Minor Rainy,Loamy,100,8,70.3,5.9,400,1.2,120000
Northern,Groundnut,2023,Major Rainy,Loamy,120,10,80,6,1100,1.4,150000
Northern,Groundnut,2023,Minor Rainy,Loamy,100,8,70.3,5.9,400,1.2,130000
Upper East,Maize,2015,Major Rainy,Sandy Loam,60,6,50,5.2,900,1.2,150000
Upper East,Maize,2015,Minor Rainy,Sandy Loam,50,4,40,5,150,1,120000
Upper East,Maize,2016,Major Rainy,Loamy,80,7,60.8,5.4,950,1.3,160000
Upper East,Maize,2016,Minor Rainy,Loamy,60,5,50,5.2,100,1.1,130000
Upper East,Maize,2017,Major Rainy,Clay Loam,70,6,50,5.3,850,1.2,150000
Upper East,Maize,2018,Major Rainy,Sandy Loam,80,7,60.8,5.4,900,1.3,160000
Upper East,Maize,2018,Minor Rainy,Sandy Loam,60,5,50,5.2,150,1.1,130000
Upper East,Maize,2019,Major Rainy,Loamy,100,8,60.8,5.5,950,1.4,170000
Upper East,Maize,2019,Minor Rainy,Loamy,80,6,50,5.4,100,1.2,140000
Upper East,Maize,2020,Major Rainy,Clay Loam,90,7,60.8,5.4,850,1.3,160000
Upper East,Maize,2020,Harmattan,Clay Loam,40,4,40,5,30,1,120000
Upper East,Maize,2021,Major Rainy,Sandy Loam,100,8,60.8,5.5,900,1.4,170000
Upper East,Maize,2021,Minor Rainy,Sandy Loam,80,6,50,5.4,150,1.2,140000
Upper East,Maize,2022,Major Rainy,Loamy,120,8,70.3,5.6,1000,1.5,180000
Upper East,Maize,2022,Minor Rainy,Loamy,100,7,60.8,5.5,200,1.3,150000
Upper East,Maize,2023,Major Rainy,Loamy,120,8,70.3,5.8,1000,1.6,200000
Upper East,Maize,2023,Minor Rainy,Loamy,100,7,60.8,5.6,200,1.4,170000
Upper East,Rice,2015,Major Rainy,Clay Loam,80,7,60.8,5.4,900,1.2,60000
Upper East,Rice,2015,Minor Rainy,Clay Loam,60,5,50,5.2,150,1,50000
Upper East,Rice,2016,Major Rainy,Loamy,100,8,60.8,5.5,950,1.3,65000
Upper East,Rice,2016,Minor Rainy,Loamy,80,6,50,5.4,100,1.1,55000
Upper East,Rice,2017,Major Rainy,Sandy Loam,60,6,50,5.2,850,1.1,55000
Upper East,Rice,2018,Major Rainy,Clay Loam,80,7,60.8,5.4,900,1.3,65000
Upper East,Rice,2018,Minor Rainy,Clay Loam,60,5,50,5.2,150,1.1,55000
Upper East,Rice,2019,Major Rainy,Loamy,100,8,60.8,5.5,950,1.4,70000
Upper East,Rice,2019,Minor Rainy,Loamy,80,6,50,5.4,100,1.2,60000
Upper East,Rice,2020,Major Rainy,Sandy Loam,80,7,60.8,5.4,850,1.3,65000
Upper East,Rice,2020,Harmattan,Sandy Loam,40,4,40,5,30,1,50000
Upper East,Rice,2021,Major Rainy,Clay Loam,100,8,60.8,5.5,900,1.4,70000
Upper East,Rice,2021,Minor Rainy,Clay Loam,80,6,50,5.4,150,1.2,60000
Upper East,Rice,2022,Major Rainy,Loamy,120,8,70.3,5.6,1000,1.5,75000
Upper East,Rice,2022,Minor Rainy,Loamy,100,7,60.8,5.5,200,1.3,65000
Upper East,Rice,2023,Major Rainy,Loamy,120,8,70.3,5.8,1000,1.6,80000
Upper East,Rice,2023,Minor Rainy,Loamy,100,7,60.8,5.6,200,1.4,70000
Upper East,Cassava,2015,Major Rainy,Loamy,100,7,60.8,5.5,900,7,350000
Upper East,Cassava,2015,Minor Rainy,Loamy,80,5,50,5.4,150,6,300000
Upper East,Cassava,2016,Major Rainy,Sandy Loam,80,6,50,5.3,950,6.5,325000
Upper East,Cassava,2016,Minor Rainy,Sandy Loam,60,4,40,5.2,100,5.5,275000
Upper East,Cassava,2017,Major Rainy,Clay Loam,90,6,60.8,5.4,850,6.5,325000
Upper East,Cassava,2018,Major Rainy,Loamy,100,7,60.8,5.5,900,7.5,375000
Upper East,Cassava,2018,Minor Rainy,Loamy,80,5,50,5.4,150,6.5,325000
Upper East,Cassava,2019,Major Rainy,Sandy Loam,80,6,50,5.3,950,7,350000
Upper East,Cassava,2019,Minor Rainy,Sandy Loam,60,4,40,5.2,100,6,300000
Upper East,Cassava,2020,Major Rainy,Clay Loam,90,6,60.8,5.4,850,7,350000
Upper East,Cassava,2020,Harmattan,Clay Loam,40,4,40,5,30,5,250000
Upper East,Cassava,2021,Major Rainy,Loamy,100,7,60.8,5.5,900,8,400000
Upper East,Cassava,2021,Minor Rainy,Loamy,80,5,50,5.4,150,7,350000
Upper East,Cassava,2022,Major Rainy,Sandy Loam,120,8,70.3,5.6,1000,9,450000
Upper East,Cassava,2022,Minor Rainy,Sandy Loam,100,6,60.8,5.5,200,8,400000
Upper East,Cassava,2023,Major Rainy,Loamy,120,8,70.3,5.8,1000,10,500000
Upper East,Cassava,2023,Minor Rainy,Loamy,100,6,60.8,5.6,200,9,450000
Upper East,Yam,2015,Major Rainy,Loamy,100,7,60.8,5.5,900,6,200000
Upper East,Yam,2015,Minor Rainy,Loamy,80,5,50,5.4,150,5,150000
Upper East,Yam,2016,Major Rainy,Clay Loam,90,6,60.8,5.4,950,6.5,225000
Upper East,Yam,2016,Minor Rainy,Clay Loam,70,4,40,5.2,100,5.5,175000
Upper East,Yam,2017,Major Rainy,Sandy Loam,80,6,50,5.3,850,5.5,175000
Upper East,Yam,2018,Major Rainy,Loamy,100,7,60.8,5.5,900,6.5,225000
Upper East,Yam,2018,Minor Rainy,Loamy,80,5,50,5.4,150,5.5,175000
Upper East,Yam,2019,Major Rainy,Clay Loam,90,6,60.8,5.4,950,6.5,225000
Upper East,Yam,2019,Minor Rainy,Clay Loam,70,4,40,5.2,100,5.5,175000
Upper East,Yam,2020,Major Rainy,Sandy Loam,80,6,50,5.3,850,6,200000
Upper East,Yam,2020,Harmattan,Sandy Loam,40,4,40,5,30,4,125000
Upper East,Yam,2021,Major Rainy,Loamy,100,7,60.8,5.5,900,7,250000
Upper East,Yam,2021,Minor Rainy,Loamy,80,5,50,5.4,150,6,200000
Upper East,Yam,2022,Major Rainy,Clay Loam,120,8,70.3,5.6,1000,7.5,275000
Upper East,Yam,2022,Minor Rainy,Clay Loam,100,6,60.8,5.5,200,6.5,225000
Upper East,Yam,2023,Major Rainy,Loamy,120,8,70.3,5.8,1000,8,300000
Upper East,Yam,2023,Minor Rainy,Loamy,100,6,60.8,5.6,200,7,250000
Upper East,Cocoyam,2015,Major Rainy,Clay Loam,100,6,60.8,5.4,900,3,7000
Upper East,Cocoyam,2015,Minor Rainy,Clay Loam,80,4,50,5.2,150,2.5,6000
Upper East,Cocoyam,2016,Major Rainy,Loamy,100,7,60.8,5.5,950,3.5,8000
Upper East,Cocoyam,2016,Minor Rainy,Loamy,80,5,50,5.4,100,3,7000
Upper East,Cocoyam,2017,Major Rainy,Sandy Loam,60,5,50,5.2,850,2.5,6000
Upper East,Cocoyam,2018,Major Rainy,Clay Loam,100,6,60.8,5.4,900,3.5,8000
Upper East,Cocoyam,2018,Minor Rainy,Clay Loam,80,4,50,5.2,150,3,7000
Upper East,Cocoyam,2019,Major Rainy,Loamy,100,7,60.8,5.5,950,3.5,8000
Upper East,Cocoyam,2019,Minor Rainy,Loamy,80,5,50,5.4,100,3,7000
Upper East,Cocoyam,2020,Major Rainy,Sandy Loam,80,6,50,5.3,850,3,7000
Upper East,Cocoyam,2021,Major Rainy,Clay Loam,100,7,60.8,5.5,900,3.5,8000
Upper East,Cocoyam,2021,Minor Rainy,Clay Loam,80,5,50,5.4,150,3,7000
Upper East,Cocoyam,2022,Major Rainy,Loamy,120,8,70.3,5.6,1000,4,10000
Upper East,Cocoyam,2022,Minor Rainy,Loamy,100,6,60.8,5.5,200,3.5,9000
Upper East,Cocoyam,2023,Major Rainy,Loamy,120,8,70.3,5.8,1000,4,12000
Upper East,Cocoyam,2023,Minor Rainy,Loamy,100,6,60.8,5.6,200,3.5,10000
Upper East,Plantain,2015,Major Rainy,Loamy,100,7,60.8,5.5,900,4,20000
Upper East,Plantain,2015,Minor Rainy,Loamy,80,5,50,5.4,150,3,15000
Upper East,Plantain,2016,Major Rainy,Clay Loam,90,6,60.8,5.4,950,4.5,22500
Upper East,Plantain,2016,Minor Rainy,Clay Loam,70,4,50,5.2,100,3.5,17500
Upper East,Plantain,2017,Major Rainy,Sandy Loam,80,6,50,5.3,850,3.5,17500
Upper East,Plantain,2018,Major Rainy,Loamy,100,7,60.8,5.5,900,4.5,22500
Upper East,Plantain,2018,Minor Rainy,Loamy,80,5,50,5.4,150,3.5,17500
Upper East,Plantain,2019,Major Rainy,Clay Loam,90,6,60.8,5.4,950,4.5,22500
Upper East,Plantain,2019,Minor Rainy,Clay Loam,70,4,50,5.2,100,3.5,17500
Upper East,Plantain,2020,Major Rainy,Sandy Loam,80,6,50,5.3,850,4,20000
Upper East,Plantain,2021,Major Rainy,Loamy,100,7,60.8,5.5,900,4.5,22500
Upper East,Plantain,2021,Minor Rainy,Loamy,80,5,50,5.4,150,3.5,17500
Upper East,Plantain,2022,Major Rainy,Clay Loam,120,8,70.3,5.6,1000,5,25000
Upper East,Plantain,2022,Minor Rainy,Clay Loam,100,6,60.8,5.5,200,4,20000
Upper East,Plantain,2023,Major Rainy,Loamy,120,8,70.3,5.8,1000,5,30000
Upper East,Plantain,2023,Minor Rainy,Loamy,100,6,60.8,5.6,200,4,25000
Upper East,Cowpea,2015,Major Rainy,Sandy Loam,60,6,50,5.2,900,1.2,60000
Upper East,Cowpea,2015,Minor Rainy,Sandy Loam,50,4,40,5,150,1,50000
Upper East,Cowpea,2015,Harmattan,Sandy Loam,40,4,40,5,30,0.8,40000
Upper East,Cowpea,2016,Major Rainy,Loamy,80,7,60.8,5.4,950,1.3,65000
Upper East,Cowpea,2016,Minor Rainy,Loamy,60,5,50,5.2,100,1.1,55000
Upper East,Cowpea,2017,Major Rainy,Clay Loam,70,6,50,5.3,850,1.2,60000
Upper East,Cowpea,2018,Major Rainy,Sandy Loam,80,7,60.8,5.4,900,1.3,65000
Upper East,Cowpea,2018,Minor Rainy,Sandy Loam,60,5,50,5.2,150,1.1,55000
Upper East,Cowpea,2018,Harmattan,Sandy Loam,40,4,40,5,30,0.9,45000
Upper East,Cowpea,2019,Major Rainy,Loamy,100,8,60.8,5.5,950,1.4,70000
Upper East,Cowpea,2019,Minor Rainy,Loamy,80,6,50,5.4,100,1.2,60000
Upper East,Cowpea,2020,Major Rainy,Clay Loam,80,7,60.8,5.4,850,1.3,65000
Upper East,Cowpea,2020,Harmattan,Clay Loam,40,4,40,5,30,0.9,45000
Upper East,Cowpea,2021,Major Rainy,Sandy Loam,100,8,60.8,5.5,900,1.5,75000
Upper East,Cowpea,2021,Minor Rainy,Sandy Loam,80,6,50,5.4,150,1.3,65000
Upper East,Cowpea,2022,Major Rainy,Loamy,120,8,70.3,5.6,1000,1.8,90000
Upper East,Cowpea,2022,Minor Rainy,Loamy,100,7,60.8,5.5,200,1.5,75000
Upper East,Cowpea,2023,Major Rainy,Loamy,120,8,70.3,5.8,1000,2,100000
Upper East,Cowpea,2023,Minor Rainy,Loamy,100,7,60.8,5.6,200,1.7,85000
Upper East,Groundnut,2015,Major Rainy,Sandy Loam,60,6,50,5.2,900,1.2,90000
Upper East,Groundnut,2015,Minor Rainy,Sandy Loam,50,4,40,5,150,1,75000
Upper East,Groundnut,2015,Harmattan,Sandy Loam,40,4,40,5,30,0.8,60000
Upper East,Groundnut,2016,Major Rainy,Loamy,80,7,60.8,5.4,950,1.3,100000
Upper East,Groundnut,2016,Minor Rainy,Loamy,60,5,50,5.2,100,1.1,85000
Upper East,Groundnut,2017,Major Rainy,Clay Loam,70,6,50,5.3,850,1.2,90000
Upper East,Groundnut,2018,Major Rainy,Sandy Loam,80,7,60.8,5.4,900,1.4,105000
Upper East,Groundnut,2018,Minor Rainy,Sandy Loam,60,5,50,5.2,150,1.2,90000
Upper East,Groundnut,2018,Harmattan,Sandy Loam,40,4,40,5,30,0.9,70000
Upper East,Groundnut,2019,Major Rainy,Loamy,100,8,60.8,5.5,950,1.5,110000
Upper East,Groundnut,2019,Minor Rainy,Loamy,80,6,50,5.4,100,1.3,95000
Upper East,Groundnut,2020,Major Rainy,Clay Loam,80,7,60.8,5.4,850,1.4,105000
Upper East,Groundnut,2020,Harmattan,Clay Loam,40,4,40,5,30,1,75000
Upper East,Groundnut,2021,Major Rainy,Sandy Loam,100,8,60.8,5.5,900,1.6,120000
Upper East,Groundnut,2021,Minor Rainy,Sandy Loam,80,6,50,5.4,150,1.4,105000
Upper East,Groundnut,2022,Major Rainy,Loamy,120,8,70.3,5.6,1000,1.8,135000
Upper East,Groundnut,2022,Minor Rainy,Loamy,100,7,60.8,5.5,200,1.6,120000
Upper East,Groundnut,2023,Major Rainy,Loamy,120,8,70.3,5.8,1000,2,150000
Upper East,Groundnut,2023,Minor Rainy,Loamy,100,7,60.8,5.6,200,1.7,135000
Upper West,Maize,2015,Major Rainy,Sandy Loam,60,6,50,5.2,900,1.1,120000
Upper West,Maize,2015,Minor Rainy,Sandy Loam,50,4,40,5,150,1,100000
Upper West,Maize,2016,Major Rainy,Loamy,80,7,60.8,5.4,950,1.2,130000
Upper West,Maize,2016,Minor Rainy,Loamy,60,5,50,5.2,100,1,110000
Upper West,Maize,2017,Major Rainy,Clay Loam,70,6,50,5.3,850,1.1,120000
Upper West,Maize,2018,Major Rainy,Sandy Loam,80,7,60.8,5.4,900,1.2,130000
Upper West,Maize,2018,Minor Rainy,Sandy Loam,60,5,50,5.2,150,1,110000
Upper West,Maize,2019,Major Rainy,Loamy,100,8,60.8,5.5,950,1.3,140000
Upper West,Maize,2019,Minor Rainy,Loamy,80,6,50,5.4,100,1.1,120000
Upper West,Maize,2020,Major Rainy,Clay Loam,90,7,60.8,5.4,850,1.2,130000
Upper West,Maize,2020,Harmattan,Clay Loam,40,4,40,5,30,1,100000
Upper West,Maize,2021,Major Rainy,Sandy Loam,100,8,60.8,5.5,900,1.4,150000
Upper West,Maize,2021,Minor Rainy,Sandy Loam,80,6,50,5.4,150,1.2,130000
Upper West,Maize,2022,Major Rainy,Loamy,120,8,70.3,5.6,1000,1.5,160000
Upper West,Maize,2022,Minor Rainy,Loamy,100,7,60.8,5.5,200,1.3,140000
Upper West,Maize,2023,Major Rainy,Loamy,120,8,70.3,5.8,1000,1.6,180000
Upper West,Maize,2023,Minor Rainy,Loamy,100,7,60.8,5.6,200,1.4,150000
Upper West,Rice,2015,Major Rainy,Clay Loam,80,7,60.8,5.4,900,1.1,40000
Upper West,Rice,2015,Minor Rainy,Clay Loam,60,5,50,5.2,150,1,35000
Upper West,Rice,2016,Major Rainy,Loamy,100,8,60.8,5.5,950,1.2,45000
Upper West,Rice,2016,Minor Rainy,Loamy,80,6,50,5.4,100,1,40000
Upper West,Rice,2017,Major Rainy,Sandy Loam,60,6,50,5.2,850,1,35000
Upper West,Rice,2018,Major Rainy,Clay Loam,80,7,60.8,5.4,900,1.2,45000
Upper West,Rice,2018,Minor Rainy,Clay Loam,60,5,50,5.2,150,1,40000
Upper West,Rice,2019,Major Rainy,Loamy,100,8,60.8,5.5,950,1.3,50000
Upper West,Rice,2019,Minor Rainy,Loamy,80,6,50,5.4,100,1.1,45000
Upper West,Rice,2020,Major Rainy,Sandy Loam,80,7,60.8,5.4,850,1.2,45000
Upper West,Rice,2020,Harmattan,Sandy Loam,40,4,40,5,30,1,35000
Upper West,Rice,2021,Major Rainy,Clay Loam,100,8,60.8,5.5,900,1.3,50000
Upper West,Rice,2021,Minor Rainy,Clay Loam,80,6,50,5.4,150,1.1,45000
Upper West,Rice,2022,Major Rainy,Loamy,120,8,70.3,5.6,1000,1.4,55000
Upper West,Rice,2022,Minor Rainy,Loamy,100,7,60.8,5.5,200,1.2,50000
Upper West,Rice,2023,Major Rainy,Loamy,120,8,70.3,5.8,1000,1.6,60000
Upper West,Rice,2023,Minor Rainy,Loamy,100,7,60.8,5.6,200,1.4,55000
Upper West,Cassava,2015,Major Rainy,Loamy,100,7,60.8,5.5,900,6.5,260000
Upper West,Cassava,2015,Minor Rainy,Loamy,80,5,50,5.4,150,5.5,220000
Upper West,Cassava,2016,Major Rainy,Sandy Loam,80,6,50,5.3,950,6,240000
Upper West,Cassava,2016,Minor Rainy,Sandy Loam,60,4,40,5.2,100,5,200000
Upper West,Cassava,2017,Major Rainy,Clay Loam,90,6,60.8,5.4,850,6,240000
Upper West,Cassava,2018,Major Rainy,Loamy,100,7,60.8,5.5,900,6.5,260000
Upper West,Cassava,2018,Minor Rainy,Loamy,80,5,50,5.4,150,5.5,220000
Upper West,Cassava,2019,Major Rainy,Sandy Loam,80,6,50,5.3,950,6.5,260000
Upper West,Cassava,2019,Minor Rainy,Sandy Loam,60,4,40,5.2,100,5.5,220000
Upper West,Cassava,2020,Major Rainy,Clay Loam,90,6,60.8,5.4,850,6.5,260000
Upper West,Cassava,2020,Harmattan,Clay Loam,40,4,40,5,30,5,200000
Upper West,Cassava,2021,Major Rainy,Loamy,100,7,60.8,5.5,900,7,280000
Upper West,Cassava,2021,Minor Rainy,Loamy,80,5,50,5.4,150,6,240000
Upper West,Cassava,2022,Major Rainy,Sandy Loam,120,8,70.3,5.6,1000,8,320000
Upper West,Cassava,2022,Minor Rainy,Sandy Loam,100,6,60.8,5.5,200,7,280000
Upper West,Cassava,2023,Major Rainy,Loamy,120,8,70.3,5.8,1000,9,360000
Upper West,Cassava,2023,Minor Rainy,Loamy,100,6,60.8,5.6,200,8,300000
Upper West,Yam,2015,Major Rainy,Loamy,100,7,60.8,5.5,900,5.5,170000
Upper West,Yam,2015,Minor Rainy,Loamy,80,5,50,5.4,150,4.5,140000
Upper West,Yam,2016,Major Rainy,Clay Loam,90,6,60.8,5.4,950,6,180000
Upper West,Yam,2016,Minor Rainy,Clay Loam,70,4,40,5.2,100,5,150000
Upper West,Yam,2017,Major Rainy,Sandy Loam,80,6,50,5.3,850,5,150000
Upper West,Yam,2018,Major Rainy,Loamy,100,7,60.8,5.5,900,6,180000
Upper West,Yam,2018,Minor Rainy,Loamy,80,5,50,5.4,150,5,150000
Upper West,Yam,2019,Major Rainy,Clay Loam,90,6,60.8,5.4,950,6,180000
Upper West,Yam,2019,Minor Rainy,Clay Loam,70,4,40,5.2,100,5,150000
Upper West,Yam,2020,Major Rainy,Sandy Loam,90,6,50,5.3,850,5.5,170000
Upper West,Yam,2020,Harmattan,Sandy Loam,40,4,40,5,30,4,120000
Upper West,Yam,2021,Major Rainy,Loamy,100,7,60.8,5.5,900,6.5,200000
Upper West,Yam,2021,Minor Rainy,Loamy,80,5,50,5.4,150,5.5,170000
Upper West,Yam,2022,Major Rainy,Clay Loam,120,8,70.3,5.6,1000,7,220000
Upper West,Yam,2022,Minor Rainy,Clay Loam,100,6,60.8,5.5,200,6,180000
Upper West,Yam,2023,Major Rainy,Loamy,120,8,70.3,5.8,1000,8,250000
Upper West,Yam,2023,Minor Rainy,Loamy,100,6,60.8,5.6,200,7,200000
Upper West,Plantain,2015,Major Rainy,Clay Loam,80,6,50,5.2,900,2.5,5000
Upper West,Plantain,2015,Minor Rainy,Clay Loam,60,4,40,5,150,2,4000
Upper West,Plantain,2016,Major Rainy,Loamy,90,7,60.8,5.4,950,3,6000
Upper West,Plantain,2016,Minor Rainy,Loamy,70,5,50,5.2,100,2.5,5000
Upper West,Plantain,2017,Major Rainy,Sandy Loam,60,5,50,5.1,850,2,4000
Upper West,Plantain,2018,Major Rainy,Clay Loam,80,6,50,5.2,900,3,6000
Upper West,Plantain,2018,Minor Rainy,Clay Loam,60,4,40,5,150,2.5,5000
Upper West,Plantain,2019,Major Rainy,Loamy,100,7,60.8,5.4,950,3,6000
Upper West,Plantain,2019,Minor Rainy,Loamy,80,5,50,5.2,100,2.5,5000
Upper West,Plantain,2020,Major Rainy,Sandy Loam,80,6,50,5.3,850,2.5,5000
Upper West,Plantain,2021,Major Rainy,Clay Loam,100,7,60.8,5.4,900,3,6000
Upper West,Plantain,2021,Minor Rainy,Clay Loam,80,5,50,5.2,150,2.5,5000
Upper West,Plantain,2022,Major Rainy,Loamy,120,8,70.3,5.6,1000,3.5,7000
Upper West,Plantain,2022,Minor Rainy,Loamy,100,6,60.8,5.4,200,3,6000
Upper West,Plantain,2023,Major Rainy,Loamy,120,8,70.3,5.8,1000,3.5,8000
Upper West,Plantain,2023,Minor Rainy,Loamy,100,6,60.8,5.6,200,3,7000
Upper West,Cowpea,2015,Major Rainy,Loamy,100,7,60.8,5.4,900,3.5,15000
Upper West,Cowpea,2015,Minor Rainy,Loamy,80,5,50,5.2,150,3,12000
Upper West,Cowpea,2016,Major Rainy,Clay Loam,90,6,50,5.3,950,4,16000
Upper West,Cowpea,2016,Minor Rainy,Clay Loam,70,4,40,5.1,100,3.5,14000
Upper West,Cowpea,2017,Major Rainy,Sandy Loam,60,5,50,5.2,850,3,12000
Upper West,Cowpea,2018,Major Rainy,Loamy,100,7,60.8,5.4,900,4,16000
Upper West,Cowpea,2018,Minor Rainy,Loamy,80,5,50,5.2,150,3.5,14000
Upper West,Cowpea,2019,Major Rainy,Clay Loam,90,6,50,5.3,950,4,16000
Upper West,Cowpea,2019,Minor Rainy,Clay Loam,70,4,40,5.1,100,3.5,14000
Upper West,Cowpea,2020,Major Rainy,Sandy Loam,80,6,50,5.3,850,3.5,15000
Upper West,Cowpea,2021,Major Rainy,Loamy,100,7,60.8,5.4,900,4,16000
Upper West,Cowpea,2021,Minor Rainy,Loamy,80,5,50,5.2,150,3.5,14000
Upper West,Cowpea,2022,Major Rainy,Clay Loam,120,8,70.3,5.6,1000,4.5,18000
Upper West,Cowpea,2022,Minor Rainy,Clay Loam,100,6,60.8,5.4,200,4,16000
Upper West,Cowpea,2023,Major Rainy,Loamy,120,8,70.3,5.8,1000,4.5,20000
Upper West,Cowpea,2023,Minor Rainy,Loamy,100,6,60.8,5.6,200,4,18000
Upper West,Groundnut,2015,Major Rainy,Sandy Loam,60,6,50,5.2,900,0.8,50000
Upper West,Groundnut,2015,Minor Rainy,Sandy Loam,50,4,40,5,150,0.6,40000
Upper West,Groundnut,2015,Harmattan,Sandy Loam,40,4,40,5,30,0.5,30000
Upper West,Groundnut,2016,Major Rainy,Loamy,80,7,60.8,5.4,950,0.9,55000
Upper West,Groundnut,2016,Minor Rainy,Loamy,60,5,50,5.2,100,0.7,45000
Upper West,Groundnut,2017,Major Rainy,Clay Loam,70,6,50,5.3,850,0.8,50000
Upper West,Groundnut,2018,Major Rainy,Sandy Loam,80,7,60.8,5.4,900,1,60000
Upper West,Groundnut,2018,Minor Rainy,Sandy Loam,60,5,50,5.2,150,0.8,50000
Upper West,Groundnut,2018,Harmattan,Sandy Loam,40,4,40,5,30,0.6,40000
Upper West,Groundnut,2019,Major Rainy,Loamy,100,8,60.8,5.5,950,1,60000
Upper West,Groundnut,2019,Minor Rainy,Loamy,80,6,50,5.4,100,0.8,50000
Upper West,Groundnut,2020,Major Rainy,Clay Loam,80,7,60.8,5.4,850,0.9,55000
Upper West,Groundnut,2020,Harmattan,Clay Loam,40,4,40,5,30,0.6,40000
Upper West,Groundnut,2021,Major Rainy,Sandy Loam,100,8,60.8,5.5,900,1.1,65000
Upper West,Groundnut,2021,Minor Rainy,Sandy Loam,80,6,50,5.4,150,0.9,55000
Upper West,Groundnut,2022,Major Rainy,Loamy,120,8,70.3,5.6,1000,1.2,70000
Upper West,Groundnut,2022,Minor Rainy,Loamy,100,7,60.8,5.5,200,1,60000
Upper West,Groundnut,2023,Major Rainy,Loamy,120,8,70.3,5.8,1000,1.2,80000
Upper West,Groundnut,2023,Minor Rainy,Loamy,100,7,60.8,5.6,200,1,70000
Western,Maize,2015,Major Rainy,Loamy,120,10,80,6,1500,1.8,300000
Western,Maize,2015,Minor Rainy,Loamy,100,8,70,5.8,700,1.6,250000
Western,Maize,2016,Major Rainy,Sandy Loam,100,9,70,5.7,1600,1.9,320000
Western,Maize,2016,Minor Rainy,Sandy Loam,80,7,60,5.5,600,1.7,270000
Western,Maize,2017,Major Rainy,Clay Loam,110,10,80,5.9,1400,1.8,300000
Western,Maize,2017,Minor Rainy,Clay Loam,90,8,70,5.7,650,1.6,250000
Western,Maize,2018,Major Rainy,Loamy,120,11,80,6,1500,2,340000
Western,Maize,2018,Minor Rainy,Loamy,100,9,70,5.8,700,1.8,290000
Western,Maize,2019,Major Rainy,Sandy Loam,130,12,90,6.1,1600,2,340000
Western,Maize,2019,Minor Rainy,Sandy Loam,110,10,80,5.9,600,1.8,290000
Western,Maize,2020,Major Rainy,Clay Loam,120,11,80,6,1400,2,340000
Western,Maize,2020,Harmattan,Clay Loam,80,7,60,5.5,50,1.5,240000
Western,Maize,2021,Major Rainy,Loamy,140,13,90,6.2,1500,2.1,360000
Western,Maize,2021,Minor Rainy,Loamy,120,11,80,6,700,1.9,310000
Western,Maize,2022,Major Rainy,Sandy Loam,150,14,100,6.3,1800,2.2,380000
Western,Maize,2022,Minor Rainy,Sandy Loam,130,12,90,6.1,800,2,340000
Western,Maize,2023,Major Rainy,Loamy,160,15,100,6.5,1800,2.2,400000
Western,Maize,2023,Minor Rainy,Loamy,140,13,90,6.3,800,2,360000
Western,Rice,2015,Major Rainy,Clay Loam,120,10,80,5.9,1500,1.8,80000
Western,Rice,2015,Minor Rainy,Clay Loam,100,8,70,5.7,700,1.6,70000
Western,Rice,2016,Major Rainy,Loamy,110,9,70,5.8,1600,1.9,85000
Western,Rice,2016,Minor Rainy,Loamy,90,7,60,5.6,600,1.7,75000
Western,Rice,2017,Major Rainy,Sandy Loam,100,8,70,5.7,1400,1.8,80000
Western,Rice,2017,Minor Rainy,Sandy Loam,80,6,60,5.5,650,1.6,70000
Western,Rice,2018,Major Rainy,Clay Loam,120,10,80,5.9,1500,2,90000
Western,Rice,2018,Minor Rainy,Clay Loam,100,8,70,5.7,700,1.8,80000
Western,Rice,2019,Major Rainy,Loamy,130,11,80,6,1600,2.1,95000
Western,Rice,2019,Minor Rainy,Loamy,110,9,70,5.8,600,1.9,85000
Western,Rice,2020,Major Rainy,Sandy Loam,120,10,80,5.9,1400,2,90000
Western,Rice,2020,Harmattan,Sandy Loam,80,6,60,5.5,50,1.5,65000
Western,Rice,2021,Major Rainy,Clay Loam,140,12,90,6.1,1500,2.2,100000
Western,Rice,2021,Minor Rainy,Clay Loam,120,10,80,5.9,700,2,90000
Western,Rice,2022,Major Rainy,Loamy,150,13,90,6.2,1800,2.4,110000
Western,Rice,2022,Minor Rainy,Loamy,130,11,80,6,800,2.2,100000
Western,Rice,2023,Major Rainy,Loamy,160,14,100,6.3,1800,2.5,120000
Western,Rice,2023,Minor Rainy,Loamy,140,12,90,6.1,800,2.3,110000
Western,Cassava,2015,Major Rainy,Loamy,130,11,80,6,1500,12,1200000
Western,Cassava,2015,Minor Rainy,Loamy,110,9,70,5.8,700,10,1000000
Western,Cassava,2016,Major Rainy,Sandy Loam,110,10,70,5.8,1600,12.5,1250000
Western,Cassava,2016,Minor Rainy,Sandy Loam,90,8,60,5.6,600,10.5,1050000
Western,Cassava,2017,Major Rainy,Clay Loam,120,11,80,5.9,1400,12,1200000
Western,Cassava,2017,Minor Rainy,Clay Loam,100,9,70,5.7,650,10,1000000
Western,Cassava,2018,Major Rainy,Loamy,130,12,80,6,1500,13,1300000
Western,Cassava,2018,Minor Rainy,Loamy,110,10,70,5.8,700,11,1100000
Western,Cassava,2019,Major Rainy,Sandy Loam,140,13,90,6.1,1600,13,1300000
Western,Cassava,2019,Minor Rainy,Sandy Loam,120,11,80,5.9,600,11,1100000
Western,Cassava,2020,Major Rainy,Clay Loam,130,12,80,6,1400,13,1300000
Western,Cassava,2020,Harmattan,Clay Loam,90,8,60,5.5,50,9,900000
Western,Cassava,2021,Major Rainy,Loamy,150,14,90,6.2,1500,14,1400000
Western,Cassava,2021,Minor Rainy,Loamy,130,12,80,6,700,12,1200000
Western,Cassava,2022,Major Rainy,Sandy Loam,160,15,100,6.3,1800,14.5,1450000
Western,Cassava,2022,Minor Rainy,Sandy Loam,140,13,90,6.1,800,13,1300000
Western,Cassava,2023,Major Rainy,Loamy,160,15,100,6.5,1800,15,1500000
Western,Cassava,2023,Minor Rainy,Loamy,140,13,90,6.3,800,13.5,1350000
Western,Yam,2015,Major Rainy,Loamy,130,11,80,6,1500,9,700000
Western,Yam,2015,Minor Rainy,Loamy,110,9,70,5.8,700,8,600000
Western,Yam,2016,Major Rainy,Clay Loam,120,10,80,5.9,1600,9.5,750000
Western,Yam,2016,Minor Rainy,Clay Loam,100,8,70,5.7,600,8.5,650000
Western,Yam,2017,Major Rainy,Sandy Loam,110,9,70,5.8,1400,9,700000
Western,Yam,2017,Minor Rainy,Sandy Loam,90,7,60,5.6,650,8,600000
Western,Yam,2018,Major Rainy,Loamy,130,11,80,6,1500,10,800000
Western,Yam,2018,Minor Rainy,Loamy,110,9,70,5.8,700,9,700000
Western,Yam,2019,Major Rainy,Clay Loam,140,12,90,6.1,1600,10,800000
Western,Yam,2019,Minor Rainy,Clay Loam,120,10,80,5.9,600,9,700000
Western,Yam,2020,Major Rainy,Sandy Loam,130,11,80,6,1400,10,800000
Western,Yam,2020,Harmattan,Sandy Loam,90,7,60,5.5,50,7,550000
Western,Yam,2021,Major Rainy,Loamy,150,13,90,6.2,1500,11,900000
Western,Yam,2021,Minor Rainy,Loamy,130,11,80,6,700,10,800000
Western,Yam,2022,Major Rainy,Clay Loam,160,14,100,6.3,1800,11.5,950000
Western,Yam,2022,Minor Rainy,Clay Loam,140,12,90,6.1,800,10.5,850000
Western,Yam,2023,Major Rainy,Loamy,160,15,100,6.5,1800,12,1000000
Western,Yam,2023,Minor Rainy,Loamy,140,13,90,6.3,800,11,900000
Western,Cocoyam,2015,Major Rainy,Clay Loam,120,10,80,6,1500,6,120000
Western,Cocoyam,2015,Minor Rainy,Clay Loam,100,8,70,5.8,700,5,100000
Western,Cocoyam,2016,Major Rainy,Loamy,110,9,70,5.9,1600,6.5,130000
Western,Cocoyam,2016,Minor Rainy,Loamy,90,7,60,5.7,600,5.5,110000
Western,Cocoyam,2017,Major Rainy,Sandy Loam,100,8,70,5.8,1400,5.5,110000
Western,Cocoyam,2017,Minor Rainy,Sandy Loam,80,6,60,5.6,650,5,100000
Western,Cocoyam,2018,Major Rainy,Clay Loam,120,10,80,6,1500,7,140000
Western,Cocoyam,2018,Minor Rainy,Clay Loam,100,8,70,5.8,700,6,120000
Western,Cocoyam,2019,Major Rainy,Loamy,130,11,80,6.1,1600,7,140000
Western,Cocoyam,2019,Minor Rainy,Loamy,110,9,70,5.9,600,6,120000
Western,Cocoyam,2020,Major Rainy,Sandy Loam,120,10,80,6,1400,6.5,130000
Western,Cocoyam,2020,Harmattan,Sandy Loam,80,6,60,5.5,50,4,80000
Western,Cocoyam,2021,Major Rainy,Clay Loam,140,12,90,6.2,1500,7.5,150000
Western,Cocoyam,2021,Minor Rainy,Clay Loam,120,10,80,6,700,6.5,130000
Western,Cocoyam,2022,Major Rainy,Loamy,150,13,90,6.3,1800,8,160000
Western,Cocoyam,2022,Minor Rainy,Loamy,130,11,80,6.1,800,7,140000
Western,Cocoyam,2023,Major Rainy,Loamy,160,14,100,6.5,1800,8,170000
Western,Cocoyam,2023,Minor Rainy,Loamy,140,12,90,6.3,800,7,150000
Western,Plantain,2015,Major Rainy,Loamy,130,11,80,6,1500,8,500000
Western,Plantain,2015,Minor Rainy,Loamy,110,9,70,5.8,700,7,400000
Western,Plantain,2016,Major Rainy,Clay Loam,120,10,80,5.9,1600,8.5,550000
Western,Plantain,2016,Minor Rainy,Clay Loam,100,8,70,5.7,600,7.5,450000
Western,Plantain,2017,Major Rainy,Sandy Loam,110,9,70,5.8,1400,7.5,450000
Western,Plantain,2017,Minor Rainy,Sandy Loam,90,7,60,5.6,650,7,400000
Western,Plantain,2018,Major Rainy,Loamy,130,11,80,6,1500,9,600000
Western,Plantain,2018,Minor Rainy,Loamy,110,9,70,5.8,700,8,500000
Western,Plantain,2019,Major Rainy,Clay Loam,140,12,90,6.1,1600,9,600000
Western,Plantain,2019,Minor Rainy,Clay Loam,120,10,80,5.9,600,8,500000
Western,Plantain,2020,Major Rainy,Sandy Loam,130,11,80,6,1400,8.5,550000
Western,Plantain,2020,Harmattan,Sandy Loam,90,7,60,5.5,50,6,350000
Western,Plantain,2021,Major Rainy,Loamy,150,13,90,6.2,1500,9.5,650000
Western,Plantain,2021,Minor Rainy,Loamy,130,11,80,6,700,8.5,550000
Western,Plantain,2022,Major Rainy,Clay Loam,160,14,100,6.3,1800,10,700000
Western,Plantain,2022,Minor Rainy,Clay Loam,140,12,90,6.1,800,9,600000
Western,Plantain,2023,Major Rainy,Loamy,160,15,100,6.5,1800,10,750000
Western,Plantain,2023,Minor Rainy,Loamy,140,13,90,6.3,800,9,650000
Western,Cowpea,2015,Major Rainy,Sandy Loam,80,8,60,5.7,1500,1,40000
Western,Cowpea,2015,Minor Rainy,Sandy Loam,60,6,50,5.5,700,0.8,30000
Western,Cowpea,2015,Harmattan,Sandy Loam,50,5,40,5.3,50,0.6,20000
Western,Cowpea,2016,Major Rainy,Loamy,90,9,70,5.8,1600,1.1,45000
Western,Cowpea,2016,Minor Rainy,Loamy,70,7,60,5.6,600,0.9,35000
Western,Cowpea,2017,Major Rainy,Clay Loam,80,8,60,5.7,1400,1,40000
Western,Cowpea,2017,Minor Rainy,Clay Loam,60,6,50,5.5,650,0.8,30000
Western,Cowpea,2018,Major Rainy,Sandy Loam,90,9,70,5.8,1500,1.2,50000
Western,Cowpea,2018,Minor Rainy,Sandy Loam,70,7,60,5.6,700,1,40000
Western,Cowpea,2019,Major Rainy,Loamy,100,10,80,5.9,1600,1.2,50000
Western,Cowpea,2019,Minor Rainy,Loamy,80,8,70,5.7,600,1,40000
Western,Cowpea,2020,Major Rainy,Clay Loam,90,9,70,5.8,1400,1.1,45000
Western,Cowpea,2020,Harmattan,Clay Loam,50,5,40,5.3,50,0.7,25000
Western,Cowpea,2021,Major Rainy,Sandy Loam,110,11,80,6,1500,1.3,55000
Western,Cowpea,2021,Minor Rainy,Sandy Loam,90,9,70,5.8,700,1.1,45000
Western,Cowpea,2022,Major Rainy,Loamy,120,12,90,6.1,1800,1.4,60000
Western,Cowpea,2022,Minor Rainy,Loamy,100,10,80,5.9,800,1.2,50000
Western,Cowpea,2023,Major Rainy,Loamy,130,13,90,6.3,1800,1.4,65000
Western,Cowpea,2023,Minor Rainy,Loamy,110,11,80,6.1,800,1.2,55000
Western,Groundnut,2015,Major Rainy,Sandy Loam,80,8,60,5.7,1500,1.2,50000
Western,Groundnut,2015,Minor Rainy,Sandy Loam,60,6,50,5.5,700,1,40000
Western,Groundnut,2015,Harmattan,Sandy Loam,50,5,40,5.3,50,0.8,30000
Western,Groundnut,2016,Major Rainy,Loamy,90,9,70,5.8,1600,1.3,55000
Western,Groundnut,2016,Minor Rainy,Loamy,70,7,60,5.6,600,1.1,45000
Western,Groundnut,2017,Major Rainy,Clay Loam,80,8,60,5.7,1400,1.2,50000
Western,Groundnut,2017,Minor Rainy,Clay Loam,60,6,50,5.5,650,1,40000
Western,Groundnut,2018,Major Rainy,Sandy Loam,90,9,70,5.8,1500,1.4,60000
Western,Groundnut,2018,Minor Rainy,Sandy Loam,70,7,60,5.6,700,1.2,50000
Western,Groundnut,2019,Major Rainy,Loamy,100,10,80,5.9,1600,1.4,60000
Western,Groundnut,2019,Minor Rainy,Loamy,80,8,70,5.7,600,1.2,50000
Western,Groundnut,2020,Major Rainy,Clay Loam,90,9,70,5.8,1400,1.3,55000
Western,Groundnut,2020,Harmattan,Clay Loam,50,5,40,5.3,50,0.9,35000
Western,Groundnut,2021,Major Rainy,Sandy Loam,110,11,80,6,1500,1.5,65000
Western,Groundnut,2021,Minor Rainy,Sandy Loam,90,9,70,5.8,700,1.3,55000
Western,Groundnut,2022,Major Rainy,Loamy,120,12,90,6.1,1800,1.6,70000
Western,Groundnut,2022,Minor Rainy,Loamy,100,10,80,5.9,800,1.4,60000
Western,Groundnut,2023,Major Rainy,Loamy,130,13,90,6.3,1800,1.6,75000
Western,Groundnut,2023,Minor Rainy,Loamy,110,11,80,6.1,800,1.4,65000
Greater Accra,Maize,2015,Major Rainy,Sandy Loam,80,6,50,5.5,1000,1.2,60000
Greater Accra,Maize,2015,Minor Rainy,Sandy Loam,60,4,40,5.3,300,1,50000
Greater Accra,Maize,2016,Major Rainy,Loamy,90,7,60,5.7,1100,1.3,65000
Greater Accra,Maize,2016,Minor Rainy,Loamy,70,5,50,5.5,200,1.1,55000
Greater Accra,Maize,2017,Major Rainy,Clay Loam,80,6,50,5.6,900,1.2,60000
Greater Accra,Maize,2017,Minor Rainy,Clay Loam,60,4,40,5.4,250,1,50000
Greater Accra,Maize,2018,Major Rainy,Sandy Loam,90,7,60,5.7,1000,1.3,65000
Greater Accra,Maize,2018,Minor Rainy,Sandy Loam,70,5,50,5.5,300,1.1,55000
Greater Accra,Maize,2019,Major Rainy,Loamy,100,8,70,5,1100,1.4,70000
Greater Accra,Maize,2019,Minor Rainy,Loamy,80,6,60,5.8,200,1.2,60000
Greater Accra,Maize,2020,Major Rainy,Clay Loam,90,7,60,5.7,900,1.3,65000
Greater Accra,Maize,2020,Harmattan,Clay Loam,50,4,40,5.2,30,1,40000
Greater Accra,Maize,2021,Major Rainy,Sandy Loam,110,9,70,6,1000,1.4,75000
Greater Accra,Maize,2021,Minor Rainy,Sandy Loam,90,7,60,5.8,300,1.2,60000
Greater Accra,Maize,2022,Major Rainy,Loamy,120,10,80,6.2,1200,1.5,80000
Greater Accra,Maize,2022,Minor Rainy,Loamy,100,8,70,6,400,1.3,65000
Greater Accra,Maize,2023,Major Rainy,Loamy,120,10,80,6.5,1200,1.6,90000
Greater Accra,Maize,2023,Minor Rainy,Loamy,100,8,70,6.2,400,1.4,75000
Greater Accra,Rice,2015,Major Rainy,Clay Loam,100,8,60,5.6,1000,1.5,30000
Greater Accra,Rice,2015,Minor Rainy,Clay Loam,80,6,50,5.4,300,1.3,25000
Greater Accra,Rice,2016,Major Rainy,Loamy,90,7,70,5.5,1100,6,35000
Greater Accra,Rice,2016,Minor Rainy,Loamy,70,5,50,5.3,200,1.4,30000
Greater Accra,Rice,2017,Major Rainy,Sandy Loam,80,5,50,5.4,900,1.4,30000
Greater Accra,Rice,2017,Minor Rainy,Sandy Loam,70,4,50,5.2,250,1.2,25000
Greater Accra,Rice,2018,Major Rainy,Clay Loam,100,8,60,5.6,1000,1.6,35000
Greater Accra,Rice,2018,Minor Rainy,Clay Loam,80,6,50,5.4,300,1.4,30000
Greater Accra,Rice,2019,Major Rainy,Loamy,110,9,70,5.7,1100,1.7,40000
Greater Accra,Rice,2019,Minor Rainy,Loamy,90,7,60,5.5,200,1.5,35000
Greater Accra,Rice,2020,Major Rainy,Sandy Loam,100,8,60,900,1.6,35000,
Greater Accra,Rice,2020,Harmattan,Sandy Loam,60,5,40,5.2,30,1.2,20000
Greater Accra,Rice,2021,Major Rainy,Clay Loam,120,10,70,5.8,1000,1.8,40000
Greater Accra,Rice,2021,Minor Rainy,Clay Loam,100,8,60,5.6,300,1.6,35000
Greater Accra,Rice,2022,Major Rainy,Loamy,130,10,80,6,1200,1.9,45000
Greater Accra,Rice,2022,Minor Rainy,Loamy,110,9,70,5.8,400,1.7,40000
Greater Accra,Rice,2023,Major Rainy,Loamy,130,10,80,6.2,1200,2,50000
Greater Accra,Rice,2023,Minor Rainy,Loamy,110,9,70,45000,,,
Greater Accra,Cassava,2015,Major Rainy,Loamy,100,8,60,5.6,1000,8,150000
Greater Accra,Cassava,2015,Minor Rainy,Loamy,80,6,50,5.4,300,6,120000
Greater Accra,Cassava,2016,Major Rainy,Sandy Loam,90,7,60,5.5,1100,8.5,160000
Greater Accra,Cassava,2016,Minor Rainy,Sandy Loam,70,5,50,5.3,200,6.5,130000
Greater Accra,Cassava,2017,Major Rainy,Clay Loam,90,7,60,5.5,900,8,150000
Greater Accra,Cassava,2017,Minor Rainy,Clay Loam,70,5,50,5.3,250,6,120000
Greater Accra,Cassava,2018,Major Rainy,Loamy,100,8,60,5.6,1000,9,170000
Greater Accra,Cassava,2018,Minor Rainy,Loamy,80,6,50,5.4,300,7,140000
Greater Accra,Cassava,2019,Major Rainy,Sandy Loam,110,9,70,5.7,1100,9,170000
Greater Accra,Cassava,2019,Minor Rainy,Sandy Loam,90,7,60,5.5,200,7,140000
Greater Accra,Cassava,2020,Major Rainy,Clay Loam,100,8,60,5.6,900,8.5,160000
Greater Accra,Cassava,2020,Harmattan,Clay Loam,60,5,40,5.2,30,5,100000
Greater Accra,Cassava,2021,Major Rainy,Loamy,120,10,70,5.8,1000,9.5,180000
Greater Accra,Cassava,2021,Minor Rainy,Loamy,100,8,60,5.6,300,7.5,150000
Greater Accra,Cassava,2022,Major Rainy,Sandy Loam,130,11,80,6,1200,10,200000
Greater Accra,Cassava,2022,Minor Rainy,Sandy Loam,110,9,70,5.8,400,8,160000
Greater Accra,Cassava,2023,Major Rainy,Loamy,130,11,80,6.2,1200,10,220000
Greater Accra,Cassava,2023,Minor Rainy,Loamy,110,9,70,6,400,8,180000
Greater Accra,Yam,2015,Major Rainy,Loamy,100,8,60,5.6,1000,6,100000
Greater Accra,Yam,2015,Minor Rainy,Loamy,80,6,50,5.4,300,5,80000
Greater Accra,Yam,2016,Major Rainy,Clay Loam,90,7,60,5.5,1100,6.5,110000
Greater Accra,Yam,2016,Minor Rainy,Clay Loam,70,5,50,5.3,200,5.5,90000
Greater Accra,Yam,2017,Major Rainy,Sandy Loam,80,6,50,5.4,900,5.5,90000
Greater Accra,Yam,2017,Minor Rainy,Sandy Loam,60,4,40,5.2,250,5,80000
Greater Accra,Yam,2018,Major Rainy,Loamy,100,8,60,5.6,1000,6.5,110000
Greater Accra,Yam,2018,Minor Rainy,Loamy,80,6,50,5.4,300,5.5,90000
Greater Accra,Yam,2019,Major Rainy,Clay Loam,110,9,70,5.7,1100,7,120000
Greater Accra,Yam,2019,Minor Rainy,Clay Loam,90,7,60,5.5,200,6,100000
Greater Accra,Yam,2020,Major Rainy,Sandy Loam,100,8,60,5.6,900,6.5,110000
Greater Accra,Yam,2020,Harmattan,Sandy Loam,60,5,40,5.2,30,4,60000
Greater Accra,Yam,2021,Major Rainy,Loamy,120,10,70,5.8,1000,7.5,130000
Greater Accra,Yam,2021,Minor Rainy,Loamy,100,8,60,5.6,300,6.5,110000
Greater Accra,Yam,2022,Major Rainy,Clay Loam,130,11,80,6,1200,8,140000
Greater Accra,Yam,2022,Minor Rainy,Clay Loam,110,9,70,5.8,400,7,120000
Greater Accra,Yam,2023,Major Rainy,Loamy,130,11,80,6.2,1200,8,150000
Greater Accra,Yam,2023,Minor Rainy,Loamy,110,9,70,6,400,7,130000
Greater Accra,Cocoyam,2015,Major Rainy,Clay Loam,90,6,50,5.5,1000,3.5,14000
Greater Accra,Cocoyam,2015,Minor Rainy,Clay Loam,70,4,40,5.3,300,3,12000
Greater Accra,Cocoyam,2016,Major Rainy,Loamy,100,7,60,5.6,1100,4,16000
Greater Accra,Cocoyam,2016,Minor Rainy,Loamy,80,5,50,5.4,200,3.5,14000
Greater Accra,Cocoyam,2017,Major Rainy,Sandy Loam,80,5,50,5.4,900,3,12000
Greater Accra,Cocoyam,2017,Minor Rainy,Sandy Loam,60,4,40,5.2,250,2.5,10000
Greater Accra,Cocoyam,2018,Major Rainy,Clay Loam,90,6,60,5.5,1000,4,16000
Greater Accra,Cocoyam,2018,Minor Rainy,Clay Loam,70,5,50,5.3,300,3.5,14000
Greater Accra,Cocoyam,2019,Major Rainy,Loamy,100,7,60,5.6,1100,4,16000
Greater Accra,Cocoyam,2019,Minor Rainy,Loamy,80,6,50,5.4,200,3.5,14000
Greater Accra,Cocoyam,2020,Major Rainy,Sandy Loam,90,6,50,5.5,900,3.5,14000
Greater Accra,Cocoyam,2020,Harmattan,Sandy Loam,50,4,40,5.2,30,2,8000
Greater Accra,Cocoyam,2021,Major Rainy,Clay Loam,110,8,70,5.7,1000,4.5,18000
Greater Accra,Cocoyam,2021,Minor Rainy,Clay Loam,90,6,60,5.5,300,4,16000
Greater Accra,Cocoyam,2022,Major Rainy,Loamy,120,9,70,5.8,1200,5,20000
Greater Accra,Cocoyam,2022,Minor Rainy,Loamy,100,7,60,5.6,400,4.5,18000
Greater Accra,Cocoyam,2023,Major Rainy,Loamy,120,10,80,6,1200,5,22000
Greater Accra,Cocoyam,2023,Minor Rainy,Loamy,100,8,70,5.8,400,4.5,20000
Greater Accra,Plantain,2015,Major Rainy,Loamy,100,7,60,5.6,1000,4.5,45000
Greater Accra,Plantain,2015,Minor Rainy,Loamy,80,5,50,5.4,300,4,40000
Greater Accra,Plantain,2016,Major Rainy,Clay Loam,90,6,60,5.5,1100,5,50000
Greater Accra,Plantain,2016,Minor Rainy,Clay Loam,70,5,50,5.3,200,4.5,45000
Greater Accra,Plantain,2017,Major Rainy,Sandy Loam,80,5,50,5.4,900,4,40000
Greater Accra,Plantain,2017,Minor Rainy,Sandy Loam,60,4,40,5.2,250,3.5,35000
Greater Accra,Plantain,2018,Major Rainy,Loamy,100,7,60,5.6,1000,5,50000
Greater Accra,Plantain,2018,Minor Rainy,Loamy,80,6,50,5.4,300,4.5,45000
Greater Accra,Plantain,2019,Major Rainy,Clay Loam,110,8,70,5.7,1100,5,50000
Greater Accra,Plantain,2019,Minor Rainy,Clay Loam,90,6,60,5.5,200,4.5,45000
Greater Accra,Plantain,2020,Major Rainy,Sandy Loam,100,7,60,5.6,900,4.5,45000
Greater Accra,Plantain,2020,Harmattan,Sandy Loam,60,4,40,5.2,30,3,30000
Greater Accra,Plantain,2021,Major Rainy,Loamy,120,9,70,5.8,1000,5.5,55000
Greater Accra,Plantain,2021,Minor Rainy,Loamy,100,7,60,5.6,300,5,50000
Greater Accra,Plantain,2022,Major Rainy,Clay Loam,130,10,80,6,1200,6,60000
Greater Accra,Plantain,2022,Minor Rainy,Clay Loam,110,8,70,5.8,400,5.5,55000
Greater Accra,Plantain,2023,Major Rainy,Loamy,130,10,80,6.2,1200,6,65000
Greater Accra,Plantain,2023,Minor Rainy,Loamy,110,8,70,6,400,5.5,60000
Greater Accra,Cowpea,2015,Major Rainy,Sandy Loam,60,5,40,5.3,1000,0.7,7000
Greater Accra,Cowpea,2015,Minor Rainy,Sandy Loam,50,4,30,5.1,300,0.6,6000
Greater Accra,Cowpea,2015,Harmattan,Sandy Loam,40,3,30,5,30,0.5,5000
Greater Accra,Cowpea,2016,Major Rainy,Loamy,70,6,50,5.4,1100,0.8,8000
Greater Accra,Cowpea,2016,Minor Rainy,Loamy,60,5,40,5.2,200,0.7,7000
Greater Accra,Cowpea,2017,Major Rainy,Clay Loam,60,5,40,5.3,900,0.7,7000
Greater Accra,Cowpea,2017,Minor Rainy,Clay Loam,50,4,30,5.1,250,0.6,6000
Greater Accra,Cowpea,2018,Major Rainy,Sandy Loam,70,6,50,5.4,1000,0.8,8000
Greater Accra,Cowpea,2018,Minor Rainy,Sandy Loam,60,5,40,5.2,300,0.7,7000
Greater Accra,Cowpea,2018,Harmattan,Sandy Loam,40,3,30,5,30,0.5,5000
Greater Accra,Cowpea,2019,Major Rainy,Loamy,80,7,60,5.5,1100,0.9,9000
Greater Accra,Cowpea,2019,Minor Rainy,Loamy,70,6,50,5.3,200,0.8,8000
Greater Accra,Cowpea,2020,Major Rainy,Clay Loam,70,6,50,5.4,900,0.8,8000
Greater Accra,Cowpea,2020,Harmattan,Clay Loam,40,3,30,5,30,0.6,6000
Greater Accra,Cowpea,2021,Major Rainy,Sandy Loam,90,8,60,5.6,1000,0.9,9000
Greater Accra,Cowpea,2021,Minor Rainy,Sandy Loam,80,6,50,5.4,300,0.8,8000
Greater Accra,Cowpea,2022,Major Rainy,Loamy,100,9,70,5.8,1200,1,10000
Greater Accra,Cowpea,2022,Minor Rainy,Loamy,90,7,60,5.6,400,0.9,9000
Greater Accra,Cowpea,2023,Major Rainy,Loamy,110,10,70,6,1200,1,11000
Greater Accra,Cowpea,2023,Minor Rainy,Loamy,100,8,60,5.8,400,0.9,10000
Greater Accra,Groundnut,2015,Major Rainy,Sandy Loam,60,5,40,5.3,1000,0.9,9000
Greater Accra,Groundnut,2015,Minor Rainy,Sandy Loam,50,4,30,5.1,300,0.8,8000
Greater Accra,Groundnut,2015,Harmattan,Sandy Loam,40,3,30,5,30,0.6,6000
Greater Accra,Groundnut,2016,Major Rainy,Loamy,70,6,50,5.4,1100,1,10000
Greater Accra,Groundnut,2016,Minor Rainy,Loamy,60,5,40,5.2,200,0.9,9000
Greater Accra,Groundnut,2017,Major Rainy,Clay Loam,60,5,40,5.3,900,0.9,9000
Greater Accra,Groundnut,2017,Minor Rainy,Clay Loam,50,4,30,5.1,250,0.8,8000
Greater Accra,Groundnut,2018,Major Rainy,Sandy Loam,70,6,50,5.4,1000,1,10000
Greater Accra,Groundnut,2018,Minor Rainy,Sandy Loam,60,5,40,5.2,300,0.9,9000
Greater Accra,Groundnut,2018,Harmattan,Sandy Loam,40,3,30,5,30,0.7,7000
Greater Accra,Groundnut,2019,Major Rainy,Loamy,80,7,60,5.5,1100,1.1,11000
Greater Accra,Groundnut,2019,Minor Rainy,Loamy,70,6,50,5.3,200,1,10000
Greater Accra,Groundnut,2020,Major Rainy,Clay Loam,70,6,50,5.4,900,1,10000
Greater Accra,Groundnut,2020,Harmattan,Clay Loam,40,3,30,5,30,0.8,8000
Greater Accra,Groundnut,2021,Major Rainy,Sandy Loam,90,8,60,5.6,1000,1.1,11000
Greater Accra,Groundnut,2021,Minor Rainy,Sandy Loam,80,6,50,5.4,300,1,10000
Greater Accra,Groundnut,2022,Major Rainy,Loamy,100,9,70,5.8,1200,1.2,12000
Greater Accra,Groundnut,2022,Minor Rainy,Loamy,90,7,60,5.6,400,1.1,11000
Greater Accra,Groundnut,2023,Major Rainy,Loamy,110,10,70,6,1200,1.2,13000
Greater Accra,Groundnut,2023,Minor Rainy,Loamy,100,8,60,5.8,400,1.1,12000
